cumulative time,epoch,epoch time,metric_test/MeanAbsoluteError/shg_tensor_full,metric_val/MeanAbsoluteError/shg_tensor_full,step,test/loss/shg_tensor_full,test/total_loss,train/loss/shg_tensor_full,train/total_loss,val/loss/shg_tensor_full,val/score,val/total_loss
48.68754196166992,0,12.907777786254883,,5.426843166351318,74,,,,,600.0770263671875,5.426843166351318,600.0770263671875
,0,,,,74,,,709.3283081054688,709.3283081054688,,,
61.04553985595703,1,12.357996940612793,,5.2690606117248535,149,,,,,531.8132934570312,5.2690606117248535,531.8132934570312
,1,,,,149,,,627.7225341796875,627.7225341796875,,,
73.37544250488281,2,12.329902648925781,,5.12095308303833,224,,,,,495.29425048828125,5.12095308303833,495.29425048828125
,2,,,,224,,,504.99090576171875,504.99090576171875,,,
85.751953125,3,12.37651252746582,,5.183712482452393,299,,,,,554.2025756835938,5.183712482452393,554.2025756835938
,3,,,,299,,,359.8055419921875,359.8055419921875,,,
98.14584350585938,4,12.393885612487793,,5.21246337890625,374,,,,,591.2232055664062,5.21246337890625,591.2232055664062
,4,,,,374,,,286.3049621582031,286.3049621582031,,,
110.48938751220703,5,12.343545913696289,,5.595139503479004,449,,,,,1011.9156494140625,5.595139503479004,1011.9156494140625
,5,,,,449,,,239.6369171142578,239.6369171142578,,,
122.87428283691406,6,12.384897232055664,,5.439553737640381,524,,,,,778.3538818359375,5.439553737640381,778.3538818359375
,6,,,,524,,,229.42042541503906,229.42042541503906,,,
135.2183837890625,7,12.344099044799805,,5.434637546539307,599,,,,,784.5769653320312,5.434637546539307,784.5769653320312
,7,,,,599,,,197.88499450683594,197.88499450683594,,,
148.03164672851562,8,12.813258171081543,,5.429452419281006,674,,,,,813.5035400390625,5.429452419281006,813.5035400390625
,8,,,,674,,,191.1199493408203,191.1199493408203,,,
160.65025329589844,9,12.618614196777344,,5.481959819793701,749,,,,,842.7999267578125,5.481959819793701,842.7999267578125
,9,,,,749,,,179.7176055908203,179.7176055908203,,,
172.9806671142578,10,12.330415725708008,,5.343735694885254,824,,,,,717.0269775390625,5.343735694885254,717.0269775390625
,10,,,,824,,,163.14894104003906,163.14894104003906,,,
185.3441925048828,11,12.363515853881836,,5.558416366577148,899,,,,,875.258056640625,5.558416366577148,875.258056640625
,11,,,,899,,,154.33050537109375,154.33050537109375,,,
197.7119903564453,12,12.367799758911133,,5.482429504394531,974,,,,,828.2184448242188,5.482429504394531,828.2184448242188
,12,,,,974,,,149.4169464111328,149.4169464111328,,,
210.03713989257812,13,12.325151443481445,,5.332757949829102,1049,,,,,683.1541137695312,5.332757949829102,683.1541137695312
,13,,,,1049,,,139.448486328125,139.448486328125,,,
222.40684509277344,14,12.369706153869629,,5.635865688323975,1124,,,,,907.7935791015625,5.635865688323975,907.7935791015625
,14,,,,1124,,,141.34767150878906,141.34767150878906,,,
234.7440185546875,15,12.33718204498291,,5.233800888061523,1199,,,,,626.6414794921875,5.233800888061523,626.6414794921875
,15,,,,1199,,,137.20651245117188,137.20651245117188,,,
247.12872314453125,16,12.384689331054688,,5.428258895874023,1274,,,,,701.6556396484375,5.428258895874023,701.6556396484375
,16,,,,1274,,,146.83306884765625,146.83306884765625,,,
259.48284912109375,17,12.354124069213867,,5.725039958953857,1349,,,,,962.5400390625,5.725039958953857,962.5400390625
,17,,,,1349,,,136.69192504882812,136.69192504882812,,,
271.8869934082031,18,12.404166221618652,,5.343393802642822,1424,,,,,655.83544921875,5.343393802642822,655.83544921875
,18,,,,1424,,,132.15728759765625,132.15728759765625,,,
284.24371337890625,19,12.356712341308594,,5.325271129608154,1499,,,,,589.572265625,5.325271129608154,589.572265625
,19,,,,1499,,,126.45040130615234,126.45040130615234,,,
296.5842590332031,20,12.340543746948242,,5.40331506729126,1574,,,,,648.9298706054688,5.40331506729126,648.9298706054688
,20,,,,1574,,,120.07320404052734,120.07320404052734,,,
308.9005432128906,21,12.31628704071045,,5.285006999969482,1649,,,,,581.3004150390625,5.285006999969482,581.3004150390625
,21,,,,1649,,,120.35565185546875,120.35565185546875,,,
322.4777526855469,22,13.57719898223877,,5.462676048278809,1724,,,,,594.0260009765625,5.462676048278809,594.0260009765625
,22,,,,1724,,,126.31640625,126.31640625,,,
336.2007751464844,23,13.723018646240234,,5.490451335906982,1799,,,,,630.5830078125,5.490451335906982,630.5830078125
,23,,,,1799,,,126.6973648071289,126.6973648071289,,,
352.1215515136719,24,15.920772552490234,,5.491633415222168,1874,,,,,647.0416870117188,5.491633415222168,647.0416870117188
,24,,,,1874,,,125.33224487304688,125.33224487304688,,,
368.11004638671875,25,15.988512992858887,,5.475520133972168,1949,,,,,675.536865234375,5.475520133972168,675.536865234375
,25,,,,1949,,,123.22272491455078,123.22272491455078,,,
383.51226806640625,26,15.402212142944336,,5.637496471405029,2024,,,,,722.0684814453125,5.637496471405029,722.0684814453125
,26,,,,2024,,,125.75143432617188,125.75143432617188,,,
397.59149169921875,27,14.079241752624512,,5.331597805023193,2099,,,,,591.180908203125,5.331597805023193,591.180908203125
,27,,,,2099,,,135.11163330078125,135.11163330078125,,,
410.4803466796875,28,12.88885498046875,,5.354918003082275,2174,,,,,592.012939453125,5.354918003082275,592.012939453125
,28,,,,2174,,,120.48392486572266,120.48392486572266,,,
422.74969482421875,29,12.269325256347656,,5.515452861785889,2249,,,,,667.3463134765625,5.515452861785889,667.3463134765625
,29,,,,2249,,,117.36930847167969,117.36930847167969,,,
435.0240173339844,30,12.27434253692627,,5.493173599243164,2324,,,,,670.0993041992188,5.493173599243164,670.0993041992188
,30,,,,2324,,,119.01686096191406,119.01686096191406,,,
447.28778076171875,31,12.263741493225098,,5.434123992919922,2399,,,,,616.01025390625,5.434123992919922,616.01025390625
,31,,,,2399,,,116.99407196044922,116.99407196044922,,,
459.5830383300781,32,12.29525375366211,,5.624527931213379,2474,,,,,673.6851806640625,5.624527931213379,673.6851806640625
,32,,,,2474,,,116.3132095336914,116.3132095336914,,,
471.8531188964844,33,12.270095825195312,,5.212688446044922,2549,,,,,538.10205078125,5.212688446044922,538.10205078125
,33,,,,2549,,,113.7007827758789,113.7007827758789,,,
484.1199035644531,34,12.266796112060547,,5.454506874084473,2624,,,,,701.2609252929688,5.454506874084473,701.2609252929688
,34,,,,2624,,,118.13998413085938,118.13998413085938,,,
496.3871765136719,35,12.267271041870117,,5.370779991149902,2699,,,,,563.4163208007812,5.370779991149902,563.4163208007812
,35,,,,2699,,,115.42561340332031,115.42561340332031,,,
508.64801025390625,36,12.260833740234375,,5.273759841918945,2774,,,,,529.4197387695312,5.273759841918945,529.4197387695312
,36,,,,2774,,,137.48959350585938,137.48959350585938,,,
521.42919921875,37,12.781173706054688,,5.382084369659424,2849,,,,,581.5060424804688,5.382084369659424,581.5060424804688
,37,,,,2849,,,130.32833862304688,130.32833862304688,,,
533.6898193359375,38,12.260643005371094,,5.336367130279541,2924,,,,,538.0245361328125,5.336367130279541,538.0245361328125
,38,,,,2924,,,126.88855743408203,126.88855743408203,,,
545.9439086914062,39,12.254047393798828,,5.3576979637146,2999,,,,,563.6547241210938,5.3576979637146,563.6547241210938
,39,,,,2999,,,122.87311553955078,122.87311553955078,,,
558.2021484375,40,12.258244514465332,,5.4131951332092285,3074,,,,,546.7218017578125,5.4131951332092285,546.7218017578125
,40,,,,3074,,,114.64183807373047,114.64183807373047,,,
570.430419921875,41,12.22827434539795,,5.512630939483643,3149,,,,,632.9375610351562,5.512630939483643,632.9375610351562
,41,,,,3149,,,111.33748626708984,111.33748626708984,,,
582.6591796875,42,12.228769302368164,,5.2990803718566895,3224,,,,,528.0256958007812,5.2990803718566895,528.0256958007812
,42,,,,3224,,,110.39240264892578,110.39240264892578,,,
594.91162109375,43,12.25247573852539,,5.436113357543945,3299,,,,,588.808837890625,5.436113357543945,588.808837890625
,43,,,,3299,,,109.20357513427734,109.20357513427734,,,
607.2977294921875,44,12.386076927185059,,5.436751365661621,3374,,,,,578.9090576171875,5.436751365661621,578.9090576171875
,44,,,,3374,,,108.06864929199219,108.06864929199219,,,
619.5184326171875,45,12.220695495605469,,5.283642292022705,3449,,,,,536.4976806640625,5.283642292022705,536.4976806640625
,45,,,,3449,,,111.32333374023438,111.32333374023438,,,
631.7345581054688,46,12.216165542602539,,5.374756336212158,3524,,,,,552.9139404296875,5.374756336212158,552.9139404296875
,46,,,,3524,,,110.46729278564453,110.46729278564453,,,
643.9690551757812,47,12.234472274780273,,5.404816627502441,3599,,,,,592.5004272460938,5.404816627502441,592.5004272460938
,47,,,,3599,,,114.16590118408203,114.16590118408203,,,
656.2315673828125,48,12.262537002563477,,5.368246555328369,3674,,,,,585.2211303710938,5.368246555328369,585.2211303710938
,48,,,,3674,,,109.64160919189453,109.64160919189453,,,
668.4652709960938,49,12.233651161193848,,5.356525897979736,3749,,,,,521.6640014648438,5.356525897979736,521.6640014648438
,49,,,,3749,,,109.2120590209961,109.2120590209961,,,
680.6957397460938,50,12.23047924041748,,5.410581588745117,3824,,,,,573.5277709960938,5.410581588745117,573.5277709960938
,50,,,,3824,,,109.86873626708984,109.86873626708984,,,
693.5841064453125,51,12.88840103149414,,5.120436191558838,3899,,,,,497.4944152832031,5.120436191558838,497.4944152832031
,51,,,,3899,,,111.8953857421875,111.8953857421875,,,
706.75146484375,52,13.167337417602539,,5.382016181945801,3974,,,,,543.2410278320312,5.382016181945801,543.2410278320312
,52,,,,3974,,,117.31133270263672,117.31133270263672,,,
718.9793090820312,53,12.227842330932617,,5.3781914710998535,4049,,,,,547.8283081054688,5.3781914710998535,547.8283081054688
,53,,,,4049,,,114.66607666015625,114.66607666015625,,,
731.2548828125,54,12.275601387023926,,5.435565948486328,4124,,,,,552.2056274414062,5.435565948486328,552.2056274414062
,54,,,,4124,,,110.97428894042969,110.97428894042969,,,
743.5480346679688,55,12.293112754821777,,5.349412441253662,4199,,,,,535.2241821289062,5.349412441253662,535.2241821289062
,55,,,,4199,,,112.58673858642578,112.58673858642578,,,
755.8450927734375,56,12.297073364257812,,5.5744242668151855,4274,,,,,586.3952026367188,5.5744242668151855,586.3952026367188
,56,,,,4274,,,110.39482116699219,110.39482116699219,,,
768.1119995117188,57,12.266904830932617,,5.311102867126465,4349,,,,,529.3540649414062,5.311102867126465,529.3540649414062
,57,,,,4349,,,110.52643585205078,110.52643585205078,,,
780.3676147460938,58,12.255616188049316,,5.447535514831543,4424,,,,,563.7412719726562,5.447535514831543,563.7412719726562
,58,,,,4424,,,112.38982391357422,112.38982391357422,,,
792.6082153320312,59,12.240592956542969,,5.252905368804932,4499,,,,,535.9170532226562,5.252905368804932,535.9170532226562
,59,,,,4499,,,110.42045593261719,110.42045593261719,,,
804.8496704101562,60,12.241491317749023,,5.349845886230469,4574,,,,,556.6476440429688,5.349845886230469,556.6476440429688
,60,,,,4574,,,107.30725860595703,107.30725860595703,,,
817.0925903320312,61,12.24287223815918,,5.369157791137695,4649,,,,,543.714599609375,5.369157791137695,543.714599609375
,61,,,,4649,,,106.90589904785156,106.90589904785156,,,
829.314453125,62,12.221900939941406,,5.4340057373046875,4724,,,,,574.5841674804688,5.4340057373046875,574.5841674804688
,62,,,,4724,,,107.07090759277344,107.07090759277344,,,
841.5342407226562,63,12.219745635986328,,5.363966464996338,4799,,,,,546.1263427734375,5.363966464996338,546.1263427734375
,63,,,,4799,,,107.18904876708984,107.18904876708984,,,
853.7720336914062,64,12.237818717956543,,5.411202907562256,4874,,,,,528.1171875,5.411202907562256,528.1171875
,64,,,,4874,,,107.53309631347656,107.53309631347656,,,
866.0335083007812,65,12.261500358581543,,5.416379928588867,4949,,,,,530.366455078125,5.416379928588867,530.366455078125
,65,,,,4949,,,106.74754333496094,106.74754333496094,,,
878.2905883789062,66,12.257030487060547,,5.459436893463135,5024,,,,,593.8236083984375,5.459436893463135,593.8236083984375
,66,,,,5024,,,105.39848327636719,105.39848327636719,,,
890.6070556640625,67,12.316463470458984,,5.366203308105469,5099,,,,,540.0313110351562,5.366203308105469,540.0313110351562
,67,,,,5099,,,102.88174438476562,102.88174438476562,,,
902.8668823242188,68,12.259836196899414,,5.471647262573242,5174,,,,,569.0452880859375,5.471647262573242,569.0452880859375
,68,,,,5174,,,104.91510009765625,104.91510009765625,,,
915.1405639648438,69,12.273715019226074,,5.488332748413086,5249,,,,,552.4489135742188,5.488332748413086,552.4489135742188
,69,,,,5249,,,107.54088592529297,107.54088592529297,,,
927.4024658203125,70,12.261905670166016,,5.483658313751221,5324,,,,,576.46044921875,5.483658313751221,576.46044921875
,70,,,,5324,,,106.572265625,106.572265625,,,
939.6994018554688,71,12.2969388961792,,5.392213344573975,5399,,,,,592.5974731445312,5.392213344573975,592.5974731445312
,71,,,,5399,,,107.87227630615234,107.87227630615234,,,
951.9987182617188,72,12.299307823181152,,5.437432765960693,5474,,,,,509.1081237792969,5.437432765960693,509.1081237792969
,72,,,,5474,,,119.19669342041016,119.19669342041016,,,
964.278076171875,73,12.279361724853516,,5.4340643882751465,5549,,,,,554.24169921875,5.4340643882751465,554.24169921875
,73,,,,5549,,,112.712646484375,112.712646484375,,,
976.565673828125,74,12.28754711151123,,5.527880668640137,5624,,,,,562.56884765625,5.527880668640137,562.56884765625
,74,,,,5624,,,117.67430877685547,117.67430877685547,,,
988.8262939453125,75,12.260677337646484,,5.373079776763916,5699,,,,,538.3999633789062,5.373079776763916,538.3999633789062
,75,,,,5699,,,110.65455627441406,110.65455627441406,,,
1001.1033325195312,76,12.276997566223145,,5.400135040283203,5774,,,,,562.3488159179688,5.400135040283203,562.3488159179688
,76,,,,5774,,,105.7465591430664,105.7465591430664,,,
1013.375732421875,77,12.272383689880371,,5.340428352355957,5849,,,,,522.4275512695312,5.340428352355957,522.4275512695312
,77,,,,5849,,,106.73163604736328,106.73163604736328,,,
1025.6473388671875,78,12.271655082702637,,5.31596040725708,5924,,,,,530.20458984375,5.31596040725708,530.20458984375
,78,,,,5924,,,104.02793884277344,104.02793884277344,,,
1037.9376220703125,79,12.290263175964355,,5.420327663421631,5999,,,,,587.3529663085938,5.420327663421631,587.3529663085938
,79,,,,5999,,,103.99198150634766,103.99198150634766,,,
1050.2509765625,80,12.313318252563477,,5.3352885246276855,6074,,,,,529.6861572265625,5.3352885246276855,529.6861572265625
,80,,,,6074,,,104.73702239990234,104.73702239990234,,,
1062.5216064453125,81,12.270648956298828,,5.343879222869873,6149,,,,,542.0936889648438,5.343879222869873,542.0936889648438
,81,,,,6149,,,104.33625030517578,104.33625030517578,,,
1074.8040771484375,82,12.282453536987305,,5.42907190322876,6224,,,,,547.97705078125,5.42907190322876,547.97705078125
,82,,,,6224,,,104.0157470703125,104.0157470703125,,,
1087.09912109375,83,12.295021057128906,,5.440061092376709,6299,,,,,550.732177734375,5.440061092376709,550.732177734375
,83,,,,6299,,,103.79602813720703,103.79602813720703,,,
1099.510986328125,84,12.411924362182617,,5.4423017501831055,6374,,,,,546.3208618164062,5.4423017501831055,546.3208618164062
,84,,,,6374,,,101.53838348388672,101.53838348388672,,,
1111.800048828125,85,12.289024353027344,,5.492815971374512,6449,,,,,594.072265625,5.492815971374512,594.072265625
,85,,,,6449,,,103.68934631347656,103.68934631347656,,,
1124.0623779296875,86,12.26234245300293,,5.389718532562256,6524,,,,,551.2862548828125,5.389718532562256,551.2862548828125
,86,,,,6524,,,105.71572875976562,105.71572875976562,,,
1136.3328857421875,87,12.270549774169922,,5.415870666503906,6599,,,,,541.6420288085938,5.415870666503906,541.6420288085938
,87,,,,6599,,,105.505859375,105.505859375,,,
1148.6121826171875,88,12.279282569885254,,5.230495452880859,6674,,,,,514.7102661132812,5.230495452880859,514.7102661132812
,88,,,,6674,,,103.84127044677734,103.84127044677734,,,
1160.937744140625,89,12.325573921203613,,5.5288777351379395,6749,,,,,570.478271484375,5.5288777351379395,570.478271484375
,89,,,,6749,,,113.3376235961914,113.3376235961914,,,
1173.2196044921875,90,12.281825065612793,,5.405207633972168,6824,,,,,580.283447265625,5.405207633972168,580.283447265625
,90,,,,6824,,,104.33418273925781,104.33418273925781,,,
1185.5015869140625,91,12.281996726989746,,5.37889289855957,6899,,,,,557.1761474609375,5.37889289855957,557.1761474609375
,91,,,,6899,,,102.30194854736328,102.30194854736328,,,
1197.831787109375,92,12.330215454101562,,5.391844272613525,6974,,,,,532.9823608398438,5.391844272613525,532.9823608398438
,92,,,,6974,,,101.7947998046875,101.7947998046875,,,
1210.11669921875,93,12.28488826751709,,5.338953018188477,7049,,,,,538.6286010742188,5.338953018188477,538.6286010742188
,93,,,,7049,,,107.192138671875,107.192138671875,,,
1222.4124755859375,94,12.295745849609375,,5.417388439178467,7124,,,,,549.7659912109375,5.417388439178467,549.7659912109375
,94,,,,7124,,,109.6170425415039,109.6170425415039,,,
1234.69775390625,95,12.285321235656738,,5.370520114898682,7199,,,,,538.6072387695312,5.370520114898682,538.6072387695312
,95,,,,7199,,,104.0583267211914,104.0583267211914,,,
1247.0267333984375,96,12.328981399536133,,5.401402950286865,7274,,,,,557.2283935546875,5.401402950286865,557.2283935546875
,96,,,,7274,,,100.58358764648438,100.58358764648438,,,
1259.3096923828125,97,12.282997131347656,,5.32599401473999,7349,,,,,538.4647216796875,5.32599401473999,538.4647216796875
,97,,,,7349,,,107.32731628417969,107.32731628417969,,,
1271.5477294921875,98,12.237990379333496,,5.419467926025391,7424,,,,,554.302001953125,5.419467926025391,554.302001953125
,98,,,,7424,,,108.78536224365234,108.78536224365234,,,
1283.9881591796875,99,12.440431594848633,,5.4384355545043945,7499,,,,,613.6643676757812,5.4384355545043945,613.6643676757812
,99,,,,7499,,,107.05438995361328,107.05438995361328,,,
1296.25732421875,100,12.269168853759766,,5.422518730163574,7574,,,,,551.60791015625,5.422518730163574,551.60791015625
,100,,,,7574,,,102.33663940429688,102.33663940429688,,,
1308.5224609375,101,12.265135765075684,,5.4688286781311035,7649,,,,,571.382080078125,5.4688286781311035,571.382080078125
,101,,,,7649,,,100.87786102294922,100.87786102294922,,,
1320.7716064453125,102,12.249140739440918,,5.473057746887207,7724,,,,,533.8932495117188,5.473057746887207,533.8932495117188
,102,,,,7724,,,102.46991729736328,102.46991729736328,,,
1333.0308837890625,103,12.259291648864746,,5.462302207946777,7799,,,,,565.21826171875,5.462302207946777,565.21826171875
,103,,,,7799,,,103.12337493896484,103.12337493896484,,,
1345.3115234375,104,12.2805814743042,,5.403003215789795,7874,,,,,546.8217163085938,5.403003215789795,546.8217163085938
,104,,,,7874,,,95.48274230957031,95.48274230957031,,,
1357.5859375,105,12.274420738220215,,5.413882255554199,7949,,,,,564.220703125,5.413882255554199,564.220703125
,105,,,,7949,,,94.67132568359375,94.67132568359375,,,
1369.8150634765625,106,12.229113578796387,,5.402892589569092,8024,,,,,548.1008911132812,5.402892589569092,548.1008911132812
,106,,,,8024,,,94.50383758544922,94.50383758544922,,,
1382.0650634765625,107,12.250009536743164,,5.389560699462891,8099,,,,,558.2890014648438,5.389560699462891,558.2890014648438
,107,,,,8099,,,93.97763061523438,93.97763061523438,,,
1394.325927734375,108,12.26089096069336,,5.363605499267578,8174,,,,,541.23486328125,5.363605499267578,541.23486328125
,108,,,,8174,,,95.56756591796875,95.56756591796875,,,
1406.6129150390625,109,12.286956787109375,,5.396474838256836,8249,,,,,544.708740234375,5.396474838256836,544.708740234375
,109,,,,8249,,,95.11688232421875,95.11688232421875,,,
1418.8978271484375,110,12.284978866577148,,5.367165565490723,8324,,,,,535.8206787109375,5.367165565490723,535.8206787109375
,110,,,,8324,,,94.19112396240234,94.19112396240234,,,
1431.1800537109375,111,12.282208442687988,,5.448368072509766,8399,,,,,562.0532836914062,5.448368072509766,562.0532836914062
,111,,,,8399,,,95.26385498046875,95.26385498046875,,,
1443.398681640625,112,12.218615531921387,,5.374356746673584,8474,,,,,552.8196411132812,5.374356746673584,552.8196411132812
,112,,,,8474,,,94.17452239990234,94.17452239990234,,,
1455.6033935546875,113,12.204703330993652,,5.366183757781982,8549,,,,,534.6377563476562,5.366183757781982,534.6377563476562
,113,,,,8549,,,95.21061706542969,95.21061706542969,,,
1467.814208984375,114,12.210881233215332,,5.406782627105713,8624,,,,,545.6075439453125,5.406782627105713,545.6075439453125
,114,,,,8624,,,94.86681365966797,94.86681365966797,,,
1480.0421142578125,115,12.227851867675781,,5.42585563659668,8699,,,,,562.0836181640625,5.42585563659668,562.0836181640625
,115,,,,8699,,,94.57589721679688,94.57589721679688,,,
1492.29541015625,116,12.253324508666992,,5.387585163116455,8774,,,,,555.056396484375,5.387585163116455,555.056396484375
,116,,,,8774,,,94.07527160644531,94.07527160644531,,,
1504.5201416015625,117,12.224756240844727,,5.373747825622559,8849,,,,,541.5552978515625,5.373747825622559,541.5552978515625
,117,,,,8849,,,94.3330078125,94.3330078125,,,
1516.7403564453125,118,12.220171928405762,,5.358900547027588,8924,,,,,536.7988891601562,5.358900547027588,536.7988891601562
,118,,,,8924,,,94.32371520996094,94.32371520996094,,,
1528.9815673828125,119,12.241249084472656,,5.412039756774902,8999,,,,,552.6178588867188,5.412039756774902,552.6178588867188
,119,,,,8999,,,96.12415313720703,96.12415313720703,,,
1541.1961669921875,120,12.214509963989258,,5.402578353881836,9074,,,,,551.5579833984375,5.402578353881836,551.5579833984375
,120,,,,9074,,,96.33867645263672,96.33867645263672,,,
1553.4024658203125,121,12.206336975097656,,5.445039749145508,9149,,,,,541.1410522460938,5.445039749145508,541.1410522460938
,121,,,,9149,,,94.58805084228516,94.58805084228516,,,
1565.6300048828125,122,12.227602005004883,,5.383759498596191,9224,,,,,538.1928100585938,5.383759498596191,538.1928100585938
,122,,,,9224,,,94.63789367675781,94.63789367675781,,,
1577.85888671875,123,12.228809356689453,,5.471513748168945,9299,,,,,569.9986572265625,5.471513748168945,569.9986572265625
,123,,,,9299,,,93.79145812988281,93.79145812988281,,,
1590.103515625,124,12.244626998901367,,5.342439651489258,9374,,,,,526.1056518554688,5.342439651489258,526.1056518554688
,124,,,,9374,,,94.2669677734375,94.2669677734375,,,
1602.33740234375,125,12.2339506149292,,5.41545295715332,9449,,,,,548.077880859375,5.41545295715332,548.077880859375
,125,,,,9449,,,94.40608215332031,94.40608215332031,,,
1614.4779052734375,126,12.140438079833984,,5.39849853515625,9524,,,,,539.2467651367188,5.39849853515625,539.2467651367188
,126,,,,9524,,,95.25674438476562,95.25674438476562,,,
1626.460693359375,127,11.982770919799805,,5.414440631866455,9599,,,,,557.7708129882812,5.414440631866455,557.7708129882812
,127,,,,9599,,,95.00323486328125,95.00323486328125,,,
1638.3837890625,128,11.923199653625488,,5.3959503173828125,9674,,,,,550.1111450195312,5.3959503173828125,550.1111450195312
,128,,,,9674,,,95.78491973876953,95.78491973876953,,,
1650.2730712890625,129,11.889168739318848,,5.421710968017578,9749,,,,,560.2484130859375,5.421710968017578,560.2484130859375
,129,,,,9749,,,95.22429656982422,95.22429656982422,,,
1662.2005615234375,130,11.927589416503906,,5.378143310546875,9824,,,,,545.092529296875,5.378143310546875,545.092529296875
,130,,,,9824,,,94.65056610107422,94.65056610107422,,,
1674.0845947265625,131,11.884014129638672,,5.357725143432617,9899,,,,,541.2410888671875,5.357725143432617,541.2410888671875
,131,,,,9899,,,94.48190307617188,94.48190307617188,,,
1685.97509765625,132,11.890459060668945,,5.387951374053955,9974,,,,,533.445068359375,5.387951374053955,533.445068359375
,132,,,,9974,,,94.07591247558594,94.07591247558594,,,
1697.849609375,133,11.874537467956543,,5.315102577209473,10049,,,,,522.657470703125,5.315102577209473,522.657470703125
,133,,,,10049,,,94.71434020996094,94.71434020996094,,,
1709.6904296875,134,11.840814590454102,,5.317511081695557,10124,,,,,534.2437744140625,5.317511081695557,534.2437744140625
,134,,,,10124,,,96.89069366455078,96.89069366455078,,,
1721.5264892578125,135,11.836031913757324,,5.4074015617370605,10199,,,,,536.5684814453125,5.4074015617370605,536.5684814453125
,135,,,,10199,,,97.40884399414062,97.40884399414062,,,
1733.3997802734375,136,11.873309135437012,,5.3686137199401855,10274,,,,,545.1116943359375,5.3686137199401855,545.1116943359375
,136,,,,10274,,,95.77930450439453,95.77930450439453,,,
1745.2669677734375,137,11.86716079711914,,5.360946178436279,10349,,,,,536.0794677734375,5.360946178436279,536.0794677734375
,137,,,,10349,,,98.69976806640625,98.69976806640625,,,
1757.12353515625,138,11.856635093688965,,5.367195129394531,10424,,,,,529.1869506835938,5.367195129394531,529.1869506835938
,138,,,,10424,,,95.19112396240234,95.19112396240234,,,
1768.964599609375,139,11.841014862060547,,5.28125,10499,,,,,520.417724609375,5.28125,520.417724609375
,139,,,,10499,,,97.01568603515625,97.01568603515625,,,
1780.8199462890625,140,11.855409622192383,,5.326103687286377,10574,,,,,534.8373413085938,5.326103687286377,534.8373413085938
,140,,,,10574,,,96.20062255859375,96.20062255859375,,,
1793.124267578125,141,12.304322242736816,,5.4005560874938965,10649,,,,,542.0144653320312,5.4005560874938965,542.0144653320312
,141,,,,10649,,,94.72901916503906,94.72901916503906,,,
1805.81982421875,142,12.695552825927734,,5.372886657714844,10724,,,,,532.2891235351562,5.372886657714844,532.2891235351562
,142,,,,10724,,,95.2091293334961,95.2091293334961,,,
1818.3121337890625,143,12.492319107055664,,5.398486137390137,10799,,,,,539.3873901367188,5.398486137390137,539.3873901367188
,143,,,,10799,,,94.41979217529297,94.41979217529297,,,
1830.332763671875,144,12.020566940307617,,5.402248382568359,10874,,,,,532.0538940429688,5.402248382568359,532.0538940429688
,144,,,,10874,,,97.14571380615234,97.14571380615234,,,
1842.34130859375,145,12.00854778289795,,5.331911087036133,10949,,,,,526.66455078125,5.331911087036133,526.66455078125
,145,,,,10949,,,97.73916625976562,97.73916625976562,,,
1854.363525390625,146,12.022250175476074,,5.279956817626953,11024,,,,,524.0175170898438,5.279956817626953,524.0175170898438
,146,,,,11024,,,96.97896575927734,96.97896575927734,,,
1866.378173828125,147,12.01462173461914,,5.342932224273682,11099,,,,,535.728271484375,5.342932224273682,535.728271484375
,147,,,,11099,,,95.17668914794922,95.17668914794922,,,
1878.508056640625,148,12.129826545715332,,5.400954246520996,11174,,,,,540.1806030273438,5.400954246520996,540.1806030273438
,148,,,,11174,,,95.50943756103516,95.50943756103516,,,
1890.53857421875,149,12.03054428100586,,5.333192348480225,11249,,,,,531.01513671875,5.333192348480225,531.01513671875
,149,,,,11249,,,94.59398651123047,94.59398651123047,,,
1902.6231689453125,150,12.084590911865234,,5.31938362121582,11324,,,,,531.2926025390625,5.31938362121582,531.2926025390625
,150,,,,11324,,,95.47720336914062,95.47720336914062,,,
1914.7044677734375,151,12.081297874450684,,5.324059963226318,11399,,,,,537.3433227539062,5.324059963226318,537.3433227539062
,151,,,,11399,,,95.51868438720703,95.51868438720703,,,
1926.7484130859375,152,12.044004440307617,,5.275021076202393,11474,,,,,519.083251953125,5.275021076202393,519.083251953125
,152,,,,11474,,,97.37979125976562,97.37979125976562,,,
1938.827880859375,153,12.079427719116211,,5.328212738037109,11549,,,,,539.132568359375,5.328212738037109,539.132568359375
,153,,,,11549,,,97.0428466796875,97.0428466796875,,,
1950.8448486328125,154,12.016969680786133,,5.375536918640137,11624,,,,,534.0059204101562,5.375536918640137,534.0059204101562
,154,,,,11624,,,95.26110076904297,95.26110076904297,,,
1962.86279296875,155,12.017963409423828,,5.343965530395508,11699,,,,,535.1642456054688,5.343965530395508,535.1642456054688
,155,,,,11699,,,93.0132827758789,93.0132827758789,,,
1975.032470703125,156,12.16963005065918,,5.367665767669678,11774,,,,,536.3282470703125,5.367665767669678,536.3282470703125
,156,,,,11774,,,92.62816619873047,92.62816619873047,,,
1986.903564453125,157,11.871171951293945,,5.330285549163818,11849,,,,,531.6204833984375,5.330285549163818,531.6204833984375
,157,,,,11849,,,92.4758071899414,92.4758071899414,,,
1999.188720703125,158,12.285102844238281,,5.3466668128967285,11924,,,,,531.3895874023438,5.3466668128967285,531.3895874023438
,158,,,,11924,,,92.4747314453125,92.4747314453125,,,
2011.158935546875,159,11.970245361328125,,5.333983421325684,11999,,,,,528.2280883789062,5.333983421325684,528.2280883789062
,159,,,,11999,,,92.06729125976562,92.06729125976562,,,
2023.1529541015625,160,11.993967056274414,,5.360187530517578,12074,,,,,531.7379760742188,5.360187530517578,531.7379760742188
,160,,,,12074,,,91.90303802490234,91.90303802490234,,,
2035.16064453125,161,12.007707595825195,,5.37377405166626,12149,,,,,534.7846069335938,5.37377405166626,534.7846069335938
,161,,,,12149,,,92.16268157958984,92.16268157958984,,,
2047.1546630859375,162,11.994077682495117,,5.368890285491943,12224,,,,,535.5868530273438,5.368890285491943,535.5868530273438
,162,,,,12224,,,92.0987777709961,92.0987777709961,,,
2059.154541015625,163,11.99979305267334,,5.361608028411865,12299,,,,,533.2130737304688,5.361608028411865,533.2130737304688
,163,,,,12299,,,91.93438720703125,91.93438720703125,,,
2071.470458984375,164,12.315956115722656,,5.357424736022949,12374,,,,,535.2525024414062,5.357424736022949,535.2525024414062
,164,,,,12374,,,92.03126525878906,92.03126525878906,,,
2083.517578125,165,12.047104835510254,,5.354708671569824,12449,,,,,532.1610717773438,5.354708671569824,532.1610717773438
,165,,,,12449,,,92.09053802490234,92.09053802490234,,,
2095.550048828125,166,12.032447814941406,,5.374826431274414,12524,,,,,531.2332153320312,5.374826431274414,531.2332153320312
,166,,,,12524,,,92.36177825927734,92.36177825927734,,,
2107.587158203125,167,12.037088394165039,,5.3140058517456055,12599,,,,,532.2528076171875,5.3140058517456055,532.2528076171875
,167,,,,12599,,,92.2535400390625,92.2535400390625,,,
2119.791748046875,168,12.204740524291992,,5.351022720336914,12674,,,,,530.4437866210938,5.351022720336914,530.4437866210938
,168,,,,12674,,,92.11920166015625,92.11920166015625,,,
2131.7763671875,169,11.98444938659668,,5.351650238037109,12749,,,,,529.9545288085938,5.351650238037109,529.9545288085938
,169,,,,12749,,,92.2818832397461,92.2818832397461,,,
2143.78515625,170,12.008941650390625,,5.336894512176514,12824,,,,,531.0341186523438,5.336894512176514,531.0341186523438
,170,,,,12824,,,92.58353424072266,92.58353424072266,,,
2155.772705078125,171,11.987549781799316,,5.374689102172852,12899,,,,,538.8793334960938,5.374689102172852,538.8793334960938
,171,,,,12899,,,92.23301696777344,92.23301696777344,,,
2167.94921875,172,12.176433563232422,,5.311553001403809,12974,,,,,524.6503295898438,5.311553001403809,524.6503295898438
,172,,,,12974,,,92.54796600341797,92.54796600341797,,,
2180.11083984375,173,12.161650657653809,,5.352362155914307,13049,,,,,535.046630859375,5.352362155914307,535.046630859375
,173,,,,13049,,,91.95668029785156,91.95668029785156,,,
2192.093017578125,174,11.982250213623047,,5.361832618713379,13124,,,,,534.4873046875,5.361832618713379,534.4873046875
,174,,,,13124,,,91.83082580566406,91.83082580566406,,,
2204.05419921875,175,11.961187362670898,,5.327724456787109,13199,,,,,528.9475708007812,5.327724456787109,528.9475708007812
,175,,,,13199,,,92.13692474365234,92.13692474365234,,,
2216.0732421875,176,12.019039154052734,,5.36173152923584,13274,,,,,534.0958251953125,5.36173152923584,534.0958251953125
,176,,,,13274,,,92.31355285644531,92.31355285644531,,,
2228.063720703125,177,11.990489959716797,,5.359402179718018,13349,,,,,531.667724609375,5.359402179718018,531.667724609375
,177,,,,13349,,,93.09637451171875,93.09637451171875,,,
2240.05078125,178,11.986969947814941,,5.327815532684326,13424,,,,,529.3331909179688,5.327815532684326,529.3331909179688
,178,,,,13424,,,92.59984588623047,92.59984588623047,,,
2252.02490234375,179,11.974153518676758,,5.3301215171813965,13499,,,,,524.1068725585938,5.3301215171813965,524.1068725585938
,179,,,,13499,,,92.17645263671875,92.17645263671875,,,
2264.46435546875,180,12.439382553100586,,5.345630645751953,13574,,,,,531.0571899414062,5.345630645751953,531.0571899414062
,180,,,,13574,,,92.11421203613281,92.11421203613281,,,
2276.425537109375,181,11.96115493774414,,5.358745098114014,13649,,,,,525.2031860351562,5.358745098114014,525.2031860351562
,181,,,,13649,,,92.09525299072266,92.09525299072266,,,
2288.422607421875,182,11.997018814086914,,5.379845142364502,13724,,,,,531.2492065429688,5.379845142364502,531.2492065429688
,182,,,,13724,,,92.28463745117188,92.28463745117188,,,
2300.3955078125,183,11.972942352294922,,5.354519367218018,13799,,,,,530.0220336914062,5.354519367218018,530.0220336914062
,183,,,,13799,,,92.33319091796875,92.33319091796875,,,
2312.366455078125,184,11.971083641052246,,5.360937595367432,13874,,,,,529.65185546875,5.360937595367432,529.65185546875
,184,,,,13874,,,92.75582885742188,92.75582885742188,,,
2324.39892578125,185,12.032402038574219,,5.3162407875061035,13949,,,,,524.188720703125,5.3162407875061035,524.188720703125
,185,,,,13949,,,92.73719024658203,92.73719024658203,,,
2336.429443359375,186,12.030582427978516,,5.355605602264404,14024,,,,,527.3389282226562,5.355605602264404,527.3389282226562
,186,,,,14024,,,93.34529876708984,93.34529876708984,,,
2348.415283203125,187,11.98577880859375,,5.341904163360596,14099,,,,,525.4539184570312,5.341904163360596,525.4539184570312
,187,,,,14099,,,92.69061279296875,92.69061279296875,,,
2360.80712890625,188,12.391948699951172,,5.3857879638671875,14174,,,,,533.6319580078125,5.3857879638671875,533.6319580078125
,188,,,,14174,,,92.67068481445312,92.67068481445312,,,
2372.804931640625,189,11.997739791870117,,5.3378424644470215,14249,,,,,525.4439697265625,5.3378424644470215,525.4439697265625
,189,,,,14249,,,92.2991714477539,92.2991714477539,,,
2384.8203125,190,12.015438079833984,,5.377285480499268,14324,,,,,539.70849609375,5.377285480499268,539.70849609375
,190,,,,14324,,,91.97222137451172,91.97222137451172,,,
2396.97607421875,191,12.155596733093262,,5.374922752380371,14399,,,,,531.06396484375,5.374922752380371,531.06396484375
,191,,,,14399,,,92.33670043945312,92.33670043945312,,,
2409.25390625,192,12.277952194213867,,5.386302471160889,14474,,,,,534.3550415039062,5.386302471160889,534.3550415039062
,192,,,,14474,,,92.97314453125,92.97314453125,,,
2422.01806640625,193,12.764151573181152,,5.350674629211426,14549,,,,,526.9576416015625,5.350674629211426,526.9576416015625
,193,,,,14549,,,92.2976303100586,92.2976303100586,,,
2434.050048828125,194,12.032044410705566,,5.384673118591309,14624,,,,,532.742431640625,5.384673118591309,532.742431640625
,194,,,,14624,,,92.57158660888672,92.57158660888672,,,
2446.152099609375,195,12.101944923400879,,5.356703758239746,14699,,,,,529.3930053710938,5.356703758239746,529.3930053710938
,195,,,,14699,,,92.80206298828125,92.80206298828125,,,
2458.214111328125,196,12.06189250946045,,5.363584995269775,14774,,,,,529.357666015625,5.363584995269775,529.357666015625
,196,,,,14774,,,92.43849182128906,92.43849182128906,,,
2470.261474609375,197,12.04736614227295,,5.332835674285889,14849,,,,,519.6182861328125,5.332835674285889,519.6182861328125
,197,,,,14849,,,92.67761993408203,92.67761993408203,,,
2482.2724609375,198,12.011157035827637,,5.339314937591553,14924,,,,,528.74853515625,5.339314937591553,528.74853515625
,198,,,,14924,,,92.40676879882812,92.40676879882812,,,
2494.291259765625,199,12.018850326538086,,5.349367141723633,14999,,,,,527.4771728515625,5.349367141723633,527.4771728515625
,199,,,,14999,,,92.19615173339844,92.19615173339844,,,
2506.371826171875,200,12.08047866821289,,5.372874736785889,15074,,,,,534.840087890625,5.372874736785889,534.840087890625
,200,,,,15074,,,92.07131958007812,92.07131958007812,,,
2518.4208984375,201,12.048981666564941,,5.369832515716553,15149,,,,,530.7301025390625,5.369832515716553,530.7301025390625
,201,,,,15149,,,91.92375946044922,91.92375946044922,,,
2530.686279296875,202,12.265531539916992,,5.3775129318237305,15224,,,,,531.2113037109375,5.3775129318237305,531.2113037109375
,202,,,,15224,,,92.0661849975586,92.0661849975586,,,
2543.158935546875,203,12.472536087036133,,5.365445137023926,15299,,,,,530.1018676757812,5.365445137023926,530.1018676757812
,203,,,,15299,,,92.60631561279297,92.60631561279297,,,
2555.189208984375,204,12.03019905090332,,5.425409317016602,15374,,,,,536.0757446289062,5.425409317016602,536.0757446289062
,204,,,,15374,,,93.35340881347656,93.35340881347656,,,
2567.19091796875,205,12.001753807067871,,5.366353988647461,15449,,,,,530.19384765625,5.366353988647461,530.19384765625
,205,,,,15449,,,92.15813446044922,92.15813446044922,,,
2579.207275390625,206,12.016410827636719,,5.367153167724609,15524,,,,,528.3560180664062,5.367153167724609,528.3560180664062
,206,,,,15524,,,91.73588562011719,91.73588562011719,,,
2591.72998046875,207,12.52269172668457,,5.351593971252441,15599,,,,,525.6415405273438,5.351593971252441,525.6415405273438
,207,,,,15599,,,91.4695816040039,91.4695816040039,,,
2603.74853515625,208,12.018518447875977,,5.385621547698975,15674,,,,,529.355712890625,5.385621547698975,529.355712890625
,208,,,,15674,,,91.53929901123047,91.53929901123047,,,
2615.7294921875,209,11.980897903442383,,5.3434529304504395,15749,,,,,525.5243530273438,5.3434529304504395,525.5243530273438
,209,,,,15749,,,91.63302612304688,91.63302612304688,,,
2630.598388671875,210,14.869050979614258,,5.3636474609375,15824,,,,,531.272216796875,5.3636474609375,531.272216796875
,210,,,,15824,,,91.67386627197266,91.67386627197266,,,
2642.591796875,211,11.99344539642334,,5.354530334472656,15899,,,,,526.354248046875,5.354530334472656,526.354248046875
,211,,,,15899,,,91.03660583496094,91.03660583496094,,,
2654.628662109375,212,12.036735534667969,,5.356176376342773,15974,,,,,526.3572387695312,5.356176376342773,526.3572387695312
,212,,,,15974,,,91.23541259765625,91.23541259765625,,,
2666.600341796875,213,11.971778869628906,,5.341311931610107,16049,,,,,524.514892578125,5.341311931610107,524.514892578125
,213,,,,16049,,,91.29962158203125,91.29962158203125,,,
2678.629638671875,214,12.029184341430664,,5.375356197357178,16124,,,,,532.2266235351562,5.375356197357178,532.2266235351562
,214,,,,16124,,,91.56954956054688,91.56954956054688,,,
2690.758056640625,215,12.128539085388184,,5.362423419952393,16199,,,,,530.3077392578125,5.362423419952393,530.3077392578125
,215,,,,16199,,,91.68962860107422,91.68962860107422,,,
2702.798828125,216,12.040679931640625,,5.368801593780518,16274,,,,,528.572998046875,5.368801593780518,528.572998046875
,216,,,,16274,,,91.37670135498047,91.37670135498047,,,
2717.3681640625,217,14.56938362121582,,5.368562698364258,16349,,,,,526.6818237304688,5.368562698364258,526.6818237304688
,217,,,,16349,,,91.3137435913086,91.3137435913086,,,
2734.462646484375,218,17.094404220581055,,5.380509376525879,16424,,,,,532.9004516601562,5.380509376525879,532.9004516601562
,218,,,,16424,,,91.1742172241211,91.1742172241211,,,
2746.653076171875,219,12.19040584564209,,5.376351833343506,16499,,,,,531.9923095703125,5.376351833343506,531.9923095703125
,219,,,,16499,,,91.18563079833984,91.18563079833984,,,
2760.10693359375,220,13.454017639160156,,5.383620738983154,16574,,,,,529.6397094726562,5.383620738983154,529.6397094726562
,220,,,,16574,,,91.14450073242188,91.14450073242188,,,
2772.15966796875,221,12.05278491973877,,5.385548114776611,16649,,,,,531.6697998046875,5.385548114776611,531.6697998046875
,221,,,,16649,,,91.23773193359375,91.23773193359375,,,
2784.27490234375,222,12.115165710449219,,5.4005303382873535,16724,,,,,532.7618408203125,5.4005303382873535,532.7618408203125
,222,,,,16724,,,91.34020233154297,91.34020233154297,,,
2796.3056640625,223,12.030682563781738,,5.373590469360352,16799,,,,,527.5298461914062,5.373590469360352,527.5298461914062
,223,,,,16799,,,91.62739562988281,91.62739562988281,,,
2808.313232421875,224,12.007612228393555,,5.333004474639893,16874,,,,,523.9370727539062,5.333004474639893,523.9370727539062
,224,,,,16874,,,91.64580535888672,91.64580535888672,,,
2820.3134765625,225,12.00035572052002,,5.3689775466918945,16949,,,,,529.8424072265625,5.3689775466918945,529.8424072265625
,225,,,,16949,,,91.6964340209961,91.6964340209961,,,
2832.28173828125,226,11.968254089355469,,5.345224380493164,17024,,,,,525.649169921875,5.345224380493164,525.649169921875
,226,,,,17024,,,91.51831817626953,91.51831817626953,,,
2845.233154296875,227,12.951225280761719,,5.357219219207764,17099,,,,,526.1019897460938,5.357219219207764,526.1019897460938
,227,,,,17099,,,91.34748840332031,91.34748840332031,,,
2857.27001953125,228,12.037031173706055,,5.36374044418335,17174,,,,,527.6375122070312,5.36374044418335,527.6375122070312
,228,,,,17174,,,91.22319793701172,91.22319793701172,,,
2869.27490234375,229,12.004819869995117,,5.371608734130859,17249,,,,,528.8695678710938,5.371608734130859,528.8695678710938
,229,,,,17249,,,91.68684387207031,91.68684387207031,,,
2881.29443359375,230,12.01955509185791,,5.370738506317139,17324,,,,,526.6695556640625,5.370738506317139,526.6695556640625
,230,,,,17324,,,91.26109313964844,91.26109313964844,,,
2893.462646484375,231,12.16818618774414,,5.365535736083984,17399,,,,,529.4426879882812,5.365535736083984,529.4426879882812
,231,,,,17399,,,91.83602905273438,91.83602905273438,,,
2905.89990234375,232,12.437288284301758,,5.372775077819824,17474,,,,,525.36962890625,5.372775077819824,525.36962890625
,232,,,,17474,,,92.24382781982422,92.24382781982422,,,
2917.919189453125,233,12.019326210021973,,5.366555690765381,17549,,,,,525.5773315429688,5.366555690765381,525.5773315429688
,233,,,,17549,,,91.97966766357422,91.97966766357422,,,
2929.921630859375,234,12.00223445892334,,5.383213996887207,17624,,,,,529.923828125,5.383213996887207,529.923828125
,234,,,,17624,,,91.64361572265625,91.64361572265625,,,
2941.93017578125,235,12.008649826049805,,5.396313667297363,17699,,,,,529.3361206054688,5.396313667297363,529.3361206054688
,235,,,,17699,,,91.3738784790039,91.3738784790039,,,
2953.935791015625,236,12.005504608154297,,5.379055500030518,17774,,,,,528.5117797851562,5.379055500030518,528.5117797851562
,236,,,,17774,,,91.27130889892578,91.27130889892578,,,
2965.908203125,237,11.972582817077637,,5.354772090911865,17849,,,,,524.4501342773438,5.354772090911865,524.4501342773438
,237,,,,17849,,,91.14698028564453,91.14698028564453,,,
2977.970458984375,238,12.062267303466797,,5.344542026519775,17924,,,,,522.2719116210938,5.344542026519775,522.2719116210938
,238,,,,17924,,,91.0737075805664,91.0737075805664,,,
2990.37744140625,239,12.406906127929688,,5.420720100402832,17999,,,,,530.87451171875,5.420720100402832,530.87451171875
,239,,,,17999,,,91.5049057006836,91.5049057006836,,,
3002.38037109375,240,12.00288200378418,,5.380112648010254,18074,,,,,528.373046875,5.380112648010254,528.373046875
,240,,,,18074,,,91.20570373535156,91.20570373535156,,,
3014.380126953125,241,11.999768257141113,,5.370457649230957,18149,,,,,523.7205810546875,5.370457649230957,523.7205810546875
,241,,,,18149,,,91.07189178466797,91.07189178466797,,,
3026.362060546875,242,11.982036590576172,,5.384946823120117,18224,,,,,525.4210815429688,5.384946823120117,525.4210815429688
,242,,,,18224,,,91.036376953125,91.036376953125,,,
3038.385498046875,243,12.023469924926758,,5.364437103271484,18299,,,,,525.0272216796875,5.364437103271484,525.0272216796875
,243,,,,18299,,,91.57325744628906,91.57325744628906,,,
3050.479248046875,244,12.093711853027344,,5.371932506561279,18374,,,,,528.8250122070312,5.371932506561279,528.8250122070312
,244,,,,18374,,,91.40254211425781,91.40254211425781,,,
3062.52734375,245,12.047932624816895,,5.3734893798828125,18449,,,,,528.0604858398438,5.3734893798828125,528.0604858398438
,245,,,,18449,,,91.11776733398438,91.11776733398438,,,
3074.671630859375,246,12.144289016723633,,5.382134437561035,18524,,,,,526.7008666992188,5.382134437561035,526.7008666992188
,246,,,,18524,,,91.39743041992188,91.39743041992188,,,
3088.176513671875,247,13.50496768951416,,5.382920265197754,18599,,,,,529.2959594726562,5.382920265197754,529.2959594726562
,247,,,,18599,,,91.5060043334961,91.5060043334961,,,
3100.484375,248,12.308003425598145,,5.373687744140625,18674,,,,,525.31787109375,5.373687744140625,525.31787109375
,248,,,,18674,,,91.29832458496094,91.29832458496094,,,
3112.479248046875,249,11.994810104370117,,5.368613243103027,18749,,,,,524.9161376953125,5.368613243103027,524.9161376953125
,249,,,,18749,,,91.34224700927734,91.34224700927734,,,
3124.476806640625,250,11.997523307800293,,5.377941131591797,18824,,,,,524.748779296875,5.377941131591797,524.748779296875
,250,,,,18824,,,91.44873046875,91.44873046875,,,
3136.445068359375,251,11.968286514282227,,5.391244888305664,18899,,,,,526.040771484375,5.391244888305664,526.040771484375
,251,,,,18899,,,91.56201934814453,91.56201934814453,,,
3148.413818359375,252,11.968820571899414,,5.389476776123047,18974,,,,,525.8541870117188,5.389476776123047,525.8541870117188
,252,,,,18974,,,91.4073715209961,91.4073715209961,,,
3160.688720703125,253,12.274901390075684,,5.396355152130127,19049,,,,,527.0267944335938,5.396355152130127,527.0267944335938
,253,,,,19049,,,91.21185302734375,91.21185302734375,,,
3172.679443359375,254,11.990621566772461,,5.391351699829102,19124,,,,,527.6322631835938,5.391351699829102,527.6322631835938
,254,,,,19124,,,91.43047332763672,91.43047332763672,,,
3185.71826171875,255,13.038901329040527,,5.390476703643799,19199,,,,,526.57763671875,5.390476703643799,526.57763671875
,255,,,,19199,,,91.03327178955078,91.03327178955078,,,
3197.744873046875,256,12.026615142822266,,5.374422550201416,19274,,,,,527.0216064453125,5.374422550201416,527.0216064453125
,256,,,,19274,,,90.96891784667969,90.96891784667969,,,
3209.72802734375,257,11.982999801635742,,5.386142253875732,19349,,,,,525.8259887695312,5.386142253875732,525.8259887695312
,257,,,,19349,,,91.08143615722656,91.08143615722656,,,
3221.85986328125,258,12.131952285766602,,5.360612869262695,19424,,,,,522.2923583984375,5.360612869262695,522.2923583984375
,258,,,,19424,,,90.9036636352539,90.9036636352539,,,
3233.8779296875,259,12.017971992492676,,5.380149841308594,19499,,,,,523.7153930664062,5.380149841308594,523.7153930664062
,259,,,,19499,,,90.72693634033203,90.72693634033203,,,
3245.905029296875,260,12.027098655700684,,5.361852169036865,19574,,,,,522.1373291015625,5.361852169036865,522.1373291015625
,260,,,,19574,,,90.85773468017578,90.85773468017578,,,
3257.849609375,261,11.94451904296875,,5.386142253875732,19649,,,,,526.6229248046875,5.386142253875732,526.6229248046875
,261,,,,19649,,,91.14158630371094,91.14158630371094,,,
3269.957763671875,262,12.10828685760498,,5.3951592445373535,19724,,,,,527.110107421875,5.3951592445373535,527.110107421875
,262,,,,19724,,,90.96062469482422,90.96062469482422,,,
3282.787841796875,263,12.829971313476562,,5.374862194061279,19799,,,,,523.0557861328125,5.374862194061279,523.0557861328125
,263,,,,19799,,,90.9986572265625,90.9986572265625,,,
3294.953857421875,264,12.1661376953125,,5.3783392906188965,19874,,,,,524.6366577148438,5.3783392906188965,524.6366577148438
,264,,,,19874,,,90.90209197998047,90.90209197998047,,,
3306.962158203125,265,12.008281707763672,,5.38914155960083,19949,,,,,526.7236328125,5.38914155960083,526.7236328125
,265,,,,19949,,,90.68777465820312,90.68777465820312,,,
3318.974853515625,266,12.012768745422363,,5.387516498565674,20024,,,,,525.84130859375,5.387516498565674,525.84130859375
,266,,,,20024,,,90.78495025634766,90.78495025634766,,,
3330.98095703125,267,12.005887031555176,,5.406577110290527,20099,,,,,525.6099853515625,5.406577110290527,525.6099853515625
,267,,,,20099,,,90.79519653320312,90.79519653320312,,,
3342.97802734375,268,11.997294425964355,,5.3904805183410645,20174,,,,,526.878662109375,5.3904805183410645,526.878662109375
,268,,,,20174,,,90.80500030517578,90.80500030517578,,,
3355.037109375,269,12.058918952941895,,5.384944438934326,20249,,,,,520.0614624023438,5.384944438934326,520.0614624023438
,269,,,,20249,,,90.82732391357422,90.82732391357422,,,
3367.033203125,270,11.996100425720215,,5.391000747680664,20324,,,,,527.7896728515625,5.391000747680664,527.7896728515625
,270,,,,20324,,,91.01874542236328,91.01874542236328,,,
3379.01806640625,271,11.984912872314453,,5.398262023925781,20399,,,,,525.106689453125,5.398262023925781,525.106689453125
,271,,,,20399,,,90.81852722167969,90.81852722167969,,,
3391.087646484375,272,12.069561958312988,,5.39574670791626,20474,,,,,527.281982421875,5.39574670791626,527.281982421875
,272,,,,20474,,,90.95635223388672,90.95635223388672,,,
3403.12890625,273,12.041175842285156,,5.390913009643555,20549,,,,,527.2588500976562,5.390913009643555,527.2588500976562
,273,,,,20549,,,90.76766967773438,90.76766967773438,,,
3415.1328125,274,12.003969192504883,,5.391844272613525,20624,,,,,527.2341918945312,5.391844272613525,527.2341918945312
,274,,,,20624,,,90.83138275146484,90.83138275146484,,,
3427.104736328125,275,11.971964836120605,,5.388713359832764,20699,,,,,525.078857421875,5.388713359832764,525.078857421875
,275,,,,20699,,,91.01187896728516,91.01187896728516,,,
3441.557861328125,276,14.453144073486328,,5.388141632080078,20774,,,,,524.8450927734375,5.388141632080078,524.8450927734375
,276,,,,20774,,,90.99410247802734,90.99410247802734,,,
3453.62939453125,277,12.071510314941406,,5.376805782318115,20849,,,,,521.193359375,5.376805782318115,521.193359375
,277,,,,20849,,,91.05294799804688,91.05294799804688,,,
3465.806640625,278,12.177207946777344,,5.400554656982422,20924,,,,,524.979248046875,5.400554656982422,524.979248046875
,278,,,,20924,,,90.74454498291016,90.74454498291016,,,
3477.809326171875,279,12.002715110778809,,5.385126113891602,20999,,,,,524.3679809570312,5.385126113891602,524.3679809570312
,279,,,,20999,,,90.74673461914062,90.74673461914062,,,
3489.8125,280,12.003265380859375,,5.378660678863525,21074,,,,,524.5211791992188,5.378660678863525,524.5211791992188
,280,,,,21074,,,90.72764587402344,90.72764587402344,,,
3501.79296875,281,11.980473518371582,,5.401908874511719,21149,,,,,525.5621948242188,5.401908874511719,525.5621948242188
,281,,,,21149,,,90.8261489868164,90.8261489868164,,,
3513.81787109375,282,12.024886131286621,,5.400365352630615,21224,,,,,525.3013305664062,5.400365352630615,525.3013305664062
,282,,,,21224,,,90.87052917480469,90.87052917480469,,,
3525.834716796875,283,12.016738891601562,,5.387486934661865,21299,,,,,524.712646484375,5.387486934661865,524.712646484375
,283,,,,21299,,,90.90058135986328,90.90058135986328,,,
3537.833740234375,284,11.999014854431152,,5.40244197845459,21374,,,,,526.6793823242188,5.40244197845459,526.6793823242188
,284,,,,21374,,,90.83145141601562,90.83145141601562,,,
3549.805419921875,285,11.971823692321777,,5.401517868041992,21449,,,,,526.5591430664062,5.401517868041992,526.5591430664062
,285,,,,21449,,,91.14329528808594,91.14329528808594,,,
3561.779541015625,286,11.974052429199219,,5.388936996459961,21524,,,,,525.7933349609375,5.388936996459961,525.7933349609375
,286,,,,21524,,,90.96696472167969,90.96696472167969,,,
3573.77490234375,287,11.995357513427734,,5.385885715484619,21599,,,,,522.85693359375,5.385885715484619,522.85693359375
,287,,,,21599,,,91.07585144042969,91.07585144042969,,,
3585.998291015625,288,12.223435401916504,,5.401381015777588,21674,,,,,526.9076538085938,5.401381015777588,526.9076538085938
,288,,,,21674,,,90.85553741455078,90.85553741455078,,,
3598.009033203125,289,12.010587692260742,,5.4217023849487305,21749,,,,,527.8896484375,5.4217023849487305,527.8896484375
,289,,,,21749,,,91.00862884521484,91.00862884521484,,,
3610.013671875,290,12.00467300415039,,5.398162841796875,21824,,,,,525.3426513671875,5.398162841796875,525.3426513671875
,290,,,,21824,,,90.70917510986328,90.70917510986328,,,
3621.998291015625,291,11.984760284423828,,5.417940139770508,21899,,,,,528.3977661132812,5.417940139770508,528.3977661132812
,291,,,,21899,,,90.94296264648438,90.94296264648438,,,
3633.958984375,292,11.960562705993652,,5.418102264404297,21974,,,,,525.7503662109375,5.418102264404297,525.7503662109375
,292,,,,21974,,,90.74524688720703,90.74524688720703,,,
3646.279052734375,293,12.32003402709961,,5.393409252166748,22049,,,,,525.4898071289062,5.393409252166748,525.4898071289062
,293,,,,22049,,,90.97483825683594,90.97483825683594,,,
3658.3359375,294,12.056921005249023,,5.402993202209473,22124,,,,,524.1460571289062,5.402993202209473,524.1460571289062
,294,,,,22124,,,91.02256774902344,91.02256774902344,,,
3670.506103515625,295,12.170113563537598,,5.3846001625061035,22199,,,,,524.2097778320312,5.3846001625061035,524.2097778320312
,295,,,,22199,,,90.71653747558594,90.71653747558594,,,
3682.528564453125,296,12.022478103637695,,5.405149936676025,22274,,,,,527.145751953125,5.405149936676025,527.145751953125
,296,,,,22274,,,90.85967254638672,90.85967254638672,,,
3694.54052734375,297,12.01191520690918,,5.394454479217529,22349,,,,,524.9676513671875,5.394454479217529,524.9676513671875
,297,,,,22349,,,90.96511840820312,90.96511840820312,,,
3706.543701171875,298,12.003211975097656,,5.386560916900635,22424,,,,,523.5880126953125,5.386560916900635,523.5880126953125
,298,,,,22424,,,90.68048095703125,90.68048095703125,,,
3718.532470703125,299,11.988960266113281,,5.391188621520996,22499,,,,,525.4148559570312,5.391188621520996,525.4148559570312
,299,,,,22499,,,90.94226837158203,90.94226837158203,,,
3731.1318359375,300,12.599173545837402,,5.402770519256592,22574,,,,,527.0047607421875,5.402770519256592,527.0047607421875
,300,,,,22574,,,90.82967376708984,90.82967376708984,,,
3743.112548828125,301,11.980860710144043,,5.4025373458862305,22649,,,,,528.4334716796875,5.4025373458862305,528.4334716796875
,301,,,,22649,,,90.83258056640625,90.83258056640625,,,
3755.189208984375,302,12.07670783996582,,5.398070812225342,22724,,,,,524.3663330078125,5.398070812225342,524.3663330078125
,302,,,,22724,,,90.87918853759766,90.87918853759766,,,
3767.193115234375,303,12.003683090209961,,5.392756462097168,22799,,,,,526.9420776367188,5.392756462097168,526.9420776367188
,303,,,,22799,,,91.05033111572266,91.05033111572266,,,
3779.329345703125,304,12.13631534576416,,5.401736736297607,22874,,,,,523.1021728515625,5.401736736297607,523.1021728515625
,304,,,,22874,,,90.75440979003906,90.75440979003906,,,
3791.442626953125,305,12.113389015197754,,5.3966217041015625,22949,,,,,523.205078125,5.3966217041015625,523.205078125
,305,,,,22949,,,90.82388305664062,90.82388305664062,,,
3803.464111328125,306,12.0214204788208,,5.408714771270752,23024,,,,,525.362548828125,5.408714771270752,525.362548828125
,306,,,,23024,,,90.93067932128906,90.93067932128906,,,
3815.535888671875,307,12.071683883666992,,5.411068916320801,23099,,,,,526.3081665039062,5.411068916320801,526.3081665039062
,307,,,,23099,,,90.899658203125,90.899658203125,,,
3827.7451171875,308,12.209203720092773,,5.415180683135986,23174,,,,,527.650634765625,5.415180683135986,527.650634765625
,308,,,,23174,,,91.04375457763672,91.04375457763672,,,
3840.036865234375,309,12.291778564453125,,5.399435043334961,23249,,,,,526.4443359375,5.399435043334961,526.4443359375
,309,,,,23249,,,90.79240417480469,90.79240417480469,,,
3852.1025390625,310,12.065797805786133,,5.401642799377441,23324,,,,,525.9575805664062,5.401642799377441,525.9575805664062
,310,,,,23324,,,90.56324005126953,90.56324005126953,,,
3864.131103515625,311,12.02849006652832,,5.407105922698975,23399,,,,,525.8439331054688,5.407105922698975,525.8439331054688
,311,,,,23399,,,90.63850402832031,90.63850402832031,,,
3876.1796875,312,12.048567771911621,,5.389571189880371,23474,,,,,523.5823974609375,5.389571189880371,523.5823974609375
,312,,,,23474,,,90.6288833618164,90.6288833618164,,,
3888.181640625,313,12.001869201660156,,5.393328666687012,23549,,,,,526.1257934570312,5.393328666687012,526.1257934570312
,313,,,,23549,,,90.75102233886719,90.75102233886719,,,
3900.224853515625,314,12.043292999267578,,5.4028849601745605,23624,,,,,526.75439453125,5.4028849601745605,526.75439453125
,314,,,,23624,,,90.51970672607422,90.51970672607422,,,
3912.22998046875,315,12.005194664001465,,5.394614219665527,23699,,,,,525.3601684570312,5.394614219665527,525.3601684570312
,315,,,,23699,,,90.82308197021484,90.82308197021484,,,
3924.240234375,316,12.010117530822754,,5.390104293823242,23774,,,,,524.8282470703125,5.390104293823242,524.8282470703125
,316,,,,23774,,,90.58810424804688,90.58810424804688,,,
3936.5166015625,317,12.276363372802734,,5.392162799835205,23849,,,,,525.4263916015625,5.392162799835205,525.4263916015625
,317,,,,23849,,,91.01775360107422,91.01775360107422,,,
3948.522216796875,318,12.005632400512695,,5.416574478149414,23924,,,,,525.8452758789062,5.416574478149414,525.8452758789062
,318,,,,23924,,,90.79178619384766,90.79178619384766,,,
3960.772216796875,319,12.249988555908203,,5.420216083526611,23999,,,,,526.8383178710938,5.420216083526611,526.8383178710938
,319,,,,23999,,,90.83248138427734,90.83248138427734,,,
3972.764892578125,320,11.992792129516602,,5.407311916351318,24074,,,,,524.7552490234375,5.407311916351318,524.7552490234375
,320,,,,24074,,,90.8486099243164,90.8486099243164,,,
3984.78271484375,321,12.017889022827148,,5.403367042541504,24149,,,,,524.5106201171875,5.403367042541504,524.5106201171875
,321,,,,24149,,,90.61648559570312,90.61648559570312,,,
3996.9716796875,322,12.188807487487793,,5.395089149475098,24224,,,,,523.17724609375,5.395089149475098,523.17724609375
,322,,,,24224,,,90.50568389892578,90.50568389892578,,,
4008.9462890625,323,11.974764823913574,,5.407739162445068,24299,,,,,524.8304443359375,5.407739162445068,524.8304443359375
,323,,,,24299,,,90.7473373413086,90.7473373413086,,,
4021.20654296875,324,12.26014518737793,,5.38186502456665,24374,,,,,523.274658203125,5.38186502456665,523.274658203125
,324,,,,24374,,,91.14295196533203,91.14295196533203,,,
4033.25439453125,325,12.047823905944824,,5.392334461212158,24449,,,,,522.7017822265625,5.392334461212158,522.7017822265625
,325,,,,24449,,,90.64974975585938,90.64974975585938,,,
4045.2265625,326,11.972248077392578,,5.410556793212891,24524,,,,,525.2034912109375,5.410556793212891,525.2034912109375
,326,,,,24524,,,90.96184539794922,90.96184539794922,,,
4057.217041015625,327,11.990385055541992,,5.403076171875,24599,,,,,524.1934814453125,5.403076171875,524.1934814453125
,327,,,,24599,,,90.75875091552734,90.75875091552734,,,
4069.453369140625,328,12.236513137817383,,5.400280475616455,24674,,,,,524.4193725585938,5.400280475616455,524.4193725585938
,328,,,,24674,,,90.6265869140625,90.6265869140625,,,
4081.52490234375,329,12.071306228637695,,5.414508819580078,24749,,,,,525.8955078125,5.414508819580078,525.8955078125
,329,,,,24749,,,90.76797485351562,90.76797485351562,,,
4093.928955078125,330,12.404170989990234,,5.421473979949951,24824,,,,,526.249267578125,5.421473979949951,526.249267578125
,330,,,,24824,,,90.93658447265625,90.93658447265625,,,
4105.9013671875,331,11.972382545471191,,5.412298202514648,24899,,,,,526.8445434570312,5.412298202514648,526.8445434570312
,331,,,,24899,,,90.49637603759766,90.49637603759766,,,
4117.89599609375,332,11.994833946228027,,5.416254997253418,24974,,,,,527.0101318359375,5.416254997253418,527.0101318359375
,332,,,,24974,,,90.61524963378906,90.61524963378906,,,
4130.03857421875,333,12.142450332641602,,5.409064769744873,25049,,,,,525.0048828125,5.409064769744873,525.0048828125
,333,,,,25049,,,90.55213165283203,90.55213165283203,,,
4142.046875,334,12.008095741271973,,5.403537750244141,25124,,,,,525.306640625,5.403537750244141,525.306640625
,334,,,,25124,,,90.50940704345703,90.50940704345703,,,
4154.0625,335,12.015555381774902,,5.403425216674805,25199,,,,,524.5181884765625,5.403425216674805,524.5181884765625
,335,,,,25199,,,90.60183715820312,90.60183715820312,,,
4166.12744140625,336,12.064973831176758,,5.397498607635498,25274,,,,,524.4163818359375,5.397498607635498,524.4163818359375
,336,,,,25274,,,90.70333862304688,90.70333862304688,,,
4178.13427734375,337,12.006904602050781,,5.414188861846924,25349,,,,,526.55126953125,5.414188861846924,526.55126953125
,337,,,,25349,,,90.81891632080078,90.81891632080078,,,
4190.24755859375,338,12.113412857055664,,5.396655559539795,25424,,,,,524.7012329101562,5.396655559539795,524.7012329101562
,338,,,,25424,,,90.63629150390625,90.63629150390625,,,
4202.12451171875,339,11.877098083496094,,5.40501594543457,25499,,,,,525.6736450195312,5.40501594543457,525.6736450195312
,339,,,,25499,,,90.38328552246094,90.38328552246094,,,
4214.484375,340,12.359864234924316,,5.394460201263428,25574,,,,,523.4740600585938,5.394460201263428,523.4740600585938
,340,,,,25574,,,90.70170593261719,90.70170593261719,,,
4226.48193359375,341,11.997432708740234,,5.4072041511535645,25649,,,,,527.3058471679688,5.4072041511535645,527.3058471679688
,341,,,,25649,,,90.57935333251953,90.57935333251953,,,
4238.4912109375,342,12.009367942810059,,5.416640758514404,25724,,,,,526.4788208007812,5.416640758514404,526.4788208007812
,342,,,,25724,,,90.80879211425781,90.80879211425781,,,
4250.525390625,343,12.034276008605957,,5.405063629150391,25799,,,,,526.158203125,5.405063629150391,526.158203125
,343,,,,25799,,,90.59828186035156,90.59828186035156,,,
4262.84814453125,344,12.322392463684082,,5.39479923248291,25874,,,,,523.572509765625,5.39479923248291,523.572509765625
,344,,,,25874,,,90.62981414794922,90.62981414794922,,,
4274.83935546875,345,11.99157428741455,,5.383169174194336,25949,,,,,522.9617919921875,5.383169174194336,522.9617919921875
,345,,,,25949,,,90.55317687988281,90.55317687988281,,,
4286.82275390625,346,11.983203887939453,,5.39404821395874,26024,,,,,525.1279296875,5.39404821395874,525.1279296875
,346,,,,26024,,,90.71653747558594,90.71653747558594,,,
4299.0576171875,347,12.234823226928711,,5.3916120529174805,26099,,,,,523.1881103515625,5.3916120529174805,523.1881103515625
,347,,,,26099,,,90.63996124267578,90.63996124267578,,,
4311.0654296875,348,12.007634162902832,,5.4001288414001465,26174,,,,,525.1636352539062,5.4001288414001465,525.1636352539062
,348,,,,26174,,,90.71704864501953,90.71704864501953,,,
4323.03662109375,349,11.971296310424805,,5.403213024139404,26249,,,,,526.5057983398438,5.403213024139404,526.5057983398438
,349,,,,26249,,,90.52362060546875,90.52362060546875,,,
4335.02294921875,350,11.986573219299316,,5.404086112976074,26324,,,,,523.783935546875,5.404086112976074,523.783935546875
,350,,,,26324,,,90.58594512939453,90.58594512939453,,,
4347.02734375,351,12.004328727722168,,5.393495082855225,26399,,,,,523.6491088867188,5.393495082855225,523.6491088867188
,351,,,,26399,,,90.61530303955078,90.61530303955078,,,
4360.61328125,352,13.586026191711426,,5.401830673217773,26474,,,,,524.3889770507812,5.401830673217773,524.3889770507812
,352,,,,26474,,,90.78402709960938,90.78402709960938,,,
4372.6103515625,353,11.996648788452148,,5.397327423095703,26549,,,,,522.0214233398438,5.397327423095703,522.0214233398438
,353,,,,26549,,,90.6603775024414,90.6603775024414,,,
4384.63623046875,354,12.026092529296875,,5.405742168426514,26624,,,,,526.0669555664062,5.405742168426514,526.0669555664062
,354,,,,26624,,,90.6107406616211,90.6107406616211,,,
4398.4365234375,355,13.800406455993652,,5.418314456939697,26699,,,,,526.0787353515625,5.418314456939697,526.0787353515625
,355,,,,26699,,,90.67639923095703,90.67639923095703,,,
4410.8212890625,356,12.38454818725586,,5.41398286819458,26774,,,,,526.4678955078125,5.41398286819458,526.4678955078125
,356,,,,26774,,,90.52564239501953,90.52564239501953,,,
4422.849609375,357,12.028375625610352,,5.408865451812744,26849,,,,,524.8922729492188,5.408865451812744,524.8922729492188
,357,,,,26849,,,90.478759765625,90.478759765625,,,
4434.8544921875,358,12.004733085632324,,5.410647869110107,26924,,,,,525.4662475585938,5.410647869110107,525.4662475585938
,358,,,,26924,,,90.594970703125,90.594970703125,,,
4447.1318359375,359,12.277585983276367,,5.412574768066406,26999,,,,,527.2015991210938,5.412574768066406,527.2015991210938
,359,,,,26999,,,90.5234146118164,90.5234146118164,,,
4459.15966796875,360,12.027868270874023,,5.424173355102539,27074,,,,,526.6728515625,5.424173355102539,526.6728515625
,360,,,,27074,,,90.79068756103516,90.79068756103516,,,
4471.1396484375,361,11.979911804199219,,5.4202728271484375,27149,,,,,526.7857666015625,5.4202728271484375,526.7857666015625
,361,,,,27149,,,90.4220199584961,90.4220199584961,,,
4483.353515625,362,12.21379280090332,,5.406740665435791,27224,,,,,524.7987670898438,5.406740665435791,524.7987670898438
,362,,,,27224,,,90.60269165039062,90.60269165039062,,,
4495.35302734375,363,11.99980354309082,,5.41835880279541,27299,,,,,525.7205810546875,5.41835880279541,525.7205810546875
,363,,,,27299,,,90.47733306884766,90.47733306884766,,,
4507.357421875,364,12.004012107849121,,5.423886775970459,27374,,,,,526.1178588867188,5.423886775970459,526.1178588867188
,364,,,,27374,,,90.39131927490234,90.39131927490234,,,
4519.62158203125,365,12.264128684997559,,5.408144474029541,27449,,,,,526.2002563476562,5.408144474029541,526.2002563476562
,365,,,,27449,,,90.65025329589844,90.65025329589844,,,
4531.658203125,366,12.036664962768555,,5.4119343757629395,27524,,,,,526.8338623046875,5.4119343757629395,526.8338623046875
,366,,,,27524,,,90.54192352294922,90.54192352294922,,,
4543.677734375,367,12.019475936889648,,5.418129920959473,27599,,,,,525.0581665039062,5.418129920959473,525.0581665039062
,367,,,,27599,,,90.74445343017578,90.74445343017578,,,
4555.66796875,368,11.990588188171387,,5.417984485626221,27674,,,,,525.2942504882812,5.417984485626221,525.2942504882812
,368,,,,27674,,,90.49403381347656,90.49403381347656,,,
4567.65380859375,369,11.985564231872559,,5.395874500274658,27749,,,,,523.81884765625,5.395874500274658,523.81884765625
,369,,,,27749,,,90.63121795654297,90.63121795654297,,,
4579.67529296875,370,12.02157211303711,,5.408506870269775,27824,,,,,524.4598388671875,5.408506870269775,524.4598388671875
,370,,,,27824,,,90.49486541748047,90.49486541748047,,,
4591.65380859375,371,11.978677749633789,,5.4141130447387695,27899,,,,,526.090087890625,5.4141130447387695,526.090087890625
,371,,,,27899,,,90.41455841064453,90.41455841064453,,,
4603.8623046875,372,12.20833969116211,,5.410122871398926,27974,,,,,525.6390991210938,5.410122871398926,525.6390991210938
,372,,,,27974,,,90.4750747680664,90.4750747680664,,,
4616.28564453125,373,12.423343658447266,,5.4169135093688965,28049,,,,,525.533203125,5.4169135093688965,525.533203125
,373,,,,28049,,,90.74698638916016,90.74698638916016,,,
4628.328125,374,12.042709350585938,,5.394984722137451,28124,,,,,524.2904663085938,5.394984722137451,524.2904663085938
,374,,,,28124,,,90.60415649414062,90.60415649414062,,,
4640.31396484375,375,11.985727310180664,,5.415644645690918,28199,,,,,525.2470703125,5.415644645690918,525.2470703125
,375,,,,28199,,,90.39855194091797,90.39855194091797,,,
4652.7763671875,376,12.462409973144531,,5.401470184326172,28274,,,,,523.4783935546875,5.401470184326172,523.4783935546875
,376,,,,28274,,,90.56647491455078,90.56647491455078,,,
4666.14013671875,377,13.363673210144043,,5.4074506759643555,28349,,,,,525.0023803710938,5.4074506759643555,525.0023803710938
,377,,,,28349,,,90.47189331054688,90.47189331054688,,,
4678.35595703125,378,12.215646743774414,,5.409511566162109,28424,,,,,525.1348876953125,5.409511566162109,525.1348876953125
,378,,,,28424,,,90.44107055664062,90.44107055664062,,,
4690.35205078125,379,11.996179580688477,,5.390926837921143,28499,,,,,522.5480346679688,5.390926837921143,522.5480346679688
,379,,,,28499,,,90.43943786621094,90.43943786621094,,,
4702.36572265625,380,12.013704299926758,,5.425397872924805,28574,,,,,524.528564453125,5.425397872924805,524.528564453125
,380,,,,28574,,,90.59336853027344,90.59336853027344,,,
4714.36376953125,381,11.998248100280762,,5.41562032699585,28649,,,,,525.0672607421875,5.41562032699585,525.0672607421875
,381,,,,28649,,,90.49583435058594,90.49583435058594,,,
4726.37646484375,382,12.01278305053711,,5.413875102996826,28724,,,,,525.8802490234375,5.413875102996826,525.8802490234375
,382,,,,28724,,,90.60841369628906,90.60841369628906,,,
4738.390625,383,12.014132499694824,,5.402403354644775,28799,,,,,523.8220825195312,5.402403354644775,523.8220825195312
,383,,,,28799,,,90.41276550292969,90.41276550292969,,,
4750.6298828125,384,12.239178657531738,,5.4034810066223145,28874,,,,,525.815673828125,5.4034810066223145,525.815673828125
,384,,,,28874,,,90.47792053222656,90.47792053222656,,,
4762.67578125,385,12.045991897583008,,5.410698890686035,28949,,,,,524.3226928710938,5.410698890686035,524.3226928710938
,385,,,,28949,,,90.7904281616211,90.7904281616211,,,
4775.34521484375,386,12.669060707092285,,5.395985126495361,29024,,,,,522.9325561523438,5.395985126495361,522.9325561523438
,386,,,,29024,,,90.61990356445312,90.61990356445312,,,
4787.568359375,387,12.223304748535156,,5.419650554656982,29099,,,,,525.8114624023438,5.419650554656982,525.8114624023438
,387,,,,29099,,,90.48575592041016,90.48575592041016,,,
4799.77685546875,388,12.208425521850586,,5.410583972930908,29174,,,,,524.3827514648438,5.410583972930908,524.3827514648438
,388,,,,29174,,,90.38943481445312,90.38943481445312,,,
4811.79541015625,389,12.018426895141602,,5.409798622131348,29249,,,,,524.5347900390625,5.409798622131348,524.5347900390625
,389,,,,29249,,,90.60468292236328,90.60468292236328,,,
4823.82470703125,390,12.029685020446777,,5.400035381317139,29324,,,,,524.2846069335938,5.400035381317139,524.2846069335938
,390,,,,29324,,,90.69461822509766,90.69461822509766,,,
4835.9404296875,391,12.115347862243652,,5.404790878295898,29399,,,,,523.2384033203125,5.404790878295898,523.2384033203125
,391,,,,29399,,,90.47411346435547,90.47411346435547,,,
4848.01611328125,392,12.076038360595703,,5.399057865142822,29474,,,,,524.0870971679688,5.399057865142822,524.0870971679688
,392,,,,29474,,,90.39595794677734,90.39595794677734,,,
4860.1943359375,393,12.178255081176758,,5.3970947265625,29549,,,,,522.6991577148438,5.3970947265625,522.6991577148438
,393,,,,29549,,,90.52181243896484,90.52181243896484,,,
4872.1513671875,394,11.956743240356445,,5.407149314880371,29624,,,,,523.5830078125,5.407149314880371,523.5830078125
,394,,,,29624,,,90.5868911743164,90.5868911743164,,,
4884.1337890625,395,11.982330322265625,,5.405908107757568,29699,,,,,523.8775634765625,5.405908107757568,523.8775634765625
,395,,,,29699,,,90.62688446044922,90.62688446044922,,,
4896.11865234375,396,11.98525619506836,,5.401013374328613,29774,,,,,522.786376953125,5.401013374328613,522.786376953125
,396,,,,29774,,,90.36199188232422,90.36199188232422,,,
4908.1455078125,397,12.026598930358887,,5.406721591949463,29849,,,,,523.7722778320312,5.406721591949463,523.7722778320312
,397,,,,29849,,,90.68231964111328,90.68231964111328,,,
4920.70849609375,398,12.563199043273926,,5.388497829437256,29924,,,,,522.891357421875,5.388497829437256,522.891357421875
,398,,,,29924,,,90.6287612915039,90.6287612915039,,,
4932.6953125,399,11.986614227294922,,5.416765213012695,29999,,,,,524.8856201171875,5.416765213012695,524.8856201171875
,399,,,,29999,,,90.404541015625,90.404541015625,,,
4944.70166015625,400,12.006564140319824,,5.40471076965332,30074,,,,,524.4126586914062,5.40471076965332,524.4126586914062
,400,,,,30074,,,90.24980163574219,90.24980163574219,,,
4956.70263671875,401,12.000986099243164,,5.39526891708374,30149,,,,,521.2259521484375,5.39526891708374,521.2259521484375
,401,,,,30149,,,90.39604187011719,90.39604187011719,,,
4968.62646484375,402,11.923578262329102,,5.393393039703369,30224,,,,,523.4376220703125,5.393393039703369,523.4376220703125
,402,,,,30224,,,90.66287231445312,90.66287231445312,,,
4982.66015625,403,14.03360652923584,,5.405618190765381,30299,,,,,523.2774047851562,5.405618190765381,523.2774047851562
,403,,,,30299,,,90.56781005859375,90.56781005859375,,,
4995.43798828125,404,12.777938842773438,,5.404038906097412,30374,,,,,524.139892578125,5.404038906097412,524.139892578125
,404,,,,30374,,,90.61734008789062,90.61734008789062,,,
5007.63818359375,405,12.200458526611328,,5.4095869064331055,30449,,,,,523.7559814453125,5.4095869064331055,523.7559814453125
,405,,,,30449,,,90.66075134277344,90.66075134277344,,,
5019.6318359375,406,11.993194580078125,,5.398189067840576,30524,,,,,523.6392822265625,5.398189067840576,523.6392822265625
,406,,,,30524,,,90.58057403564453,90.58057403564453,,,
5033.087890625,407,13.456189155578613,,5.39945125579834,30599,,,,,523.3565063476562,5.39945125579834,523.3565063476562
,407,,,,30599,,,90.87034606933594,90.87034606933594,,,
5045.09619140625,408,12.008496284484863,,5.401694297790527,30674,,,,,524.2426147460938,5.401694297790527,524.2426147460938
,408,,,,30674,,,91.95565795898438,91.95565795898438,,,
5057.0732421875,409,11.97719955444336,,5.414619445800781,30749,,,,,522.7311401367188,5.414619445800781,522.7311401367188
,409,,,,30749,,,90.50482940673828,90.50482940673828,,,
5069.03857421875,410,11.96495246887207,,5.4048285484313965,30824,,,,,523.327392578125,5.4048285484313965,523.327392578125
,410,,,,30824,,,90.40695190429688,90.40695190429688,,,
5081.140625,411,12.102063179016113,,5.405892372131348,30899,,,,,523.105712890625,5.405892372131348,523.105712890625
,411,,,,30899,,,90.40193939208984,90.40193939208984,,,
5093.17333984375,412,12.032896041870117,,5.4044294357299805,30974,,,,,523.4629516601562,5.4044294357299805,523.4629516601562
,412,,,,30974,,,90.45403289794922,90.45403289794922,,,
5105.27783203125,413,12.104547500610352,,5.41423225402832,31049,,,,,522.9920654296875,5.41423225402832,522.9920654296875
,413,,,,31049,,,90.37381744384766,90.37381744384766,,,
5117.5068359375,414,12.229105949401855,,5.402453422546387,31124,,,,,522.66064453125,5.402453422546387,522.66064453125
,414,,,,31124,,,90.59001922607422,90.59001922607422,,,
5129.48291015625,415,11.975645065307617,,5.401849746704102,31199,,,,,523.07373046875,5.401849746704102,523.07373046875
,415,,,,31199,,,90.37088775634766,90.37088775634766,,,
5141.5048828125,416,12.021963119506836,,5.405393123626709,31274,,,,,522.6318359375,5.405393123626709,522.6318359375
,416,,,,31274,,,90.61405944824219,90.61405944824219,,,
5153.5185546875,417,12.013971328735352,,5.40546178817749,31349,,,,,523.5087280273438,5.40546178817749,523.5087280273438
,417,,,,31349,,,90.50822448730469,90.50822448730469,,,
5165.4345703125,418,11.915912628173828,,5.409882068634033,31424,,,,,523.9776000976562,5.409882068634033,523.9776000976562
,418,,,,31424,,,90.40609741210938,90.40609741210938,,,
5177.244140625,419,11.809814453125,,5.402916431427002,31499,,,,,524.1917114257812,5.402916431427002,524.1917114257812
,419,,,,31499,,,90.49212646484375,90.49212646484375,,,
5189.38720703125,420,12.142906188964844,,5.405041694641113,31574,,,,,523.4056396484375,5.405041694641113,523.4056396484375
,420,,,,31574,,,90.52095794677734,90.52095794677734,,,
5201.509765625,421,12.122482299804688,,5.4117865562438965,31649,,,,,523.4824829101562,5.4117865562438965,523.4824829101562
,421,,,,31649,,,90.53451538085938,90.53451538085938,,,
5213.5,422,11.990400314331055,,5.422109127044678,31724,,,,,525.2916259765625,5.422109127044678,525.2916259765625
,422,,,,31724,,,90.37244415283203,90.37244415283203,,,
5225.47412109375,423,11.974133491516113,,5.398160934448242,31799,,,,,523.0671997070312,5.398160934448242,523.0671997070312
,423,,,,31799,,,90.96638488769531,90.96638488769531,,,
5237.4873046875,424,12.012993812561035,,5.394152641296387,31874,,,,,522.255126953125,5.394152641296387,522.255126953125
,424,,,,31874,,,91.25039672851562,91.25039672851562,,,
5249.49072265625,425,12.003288269042969,,5.3893046379089355,31949,,,,,522.2378540039062,5.3893046379089355,522.2378540039062
,425,,,,31949,,,90.36465454101562,90.36465454101562,,,
5261.49755859375,426,12.007063865661621,,5.427737712860107,32024,,,,,526.1923828125,5.427737712860107,526.1923828125
,426,,,,32024,,,90.38532257080078,90.38532257080078,,,
5273.4873046875,427,11.989734649658203,,5.401144027709961,32099,,,,,524.5457763671875,5.401144027709961,524.5457763671875
,427,,,,32099,,,90.447021484375,90.447021484375,,,
5285.4931640625,428,12.005767822265625,,5.401522159576416,32174,,,,,524.10888671875,5.401522159576416,524.10888671875
,428,,,,32174,,,90.51603698730469,90.51603698730469,,,
5297.50341796875,429,12.010238647460938,,5.411651134490967,32249,,,,,524.9904174804688,5.411651134490967,524.9904174804688
,429,,,,32249,,,90.42900085449219,90.42900085449219,,,
5309.49072265625,430,11.987337112426758,,5.4029011726379395,32324,,,,,524.08203125,5.4029011726379395,524.08203125
,430,,,,32324,,,90.38095092773438,90.38095092773438,,,
5321.4892578125,431,11.998518943786621,,5.401566028594971,32399,,,,,523.176025390625,5.401566028594971,523.176025390625
,431,,,,32399,,,90.54207611083984,90.54207611083984,,,
5333.50927734375,432,12.02011775970459,,5.407223224639893,32474,,,,,523.3798217773438,5.407223224639893,523.3798217773438
,432,,,,32474,,,90.58824920654297,90.58824920654297,,,
5345.49462890625,433,11.985109329223633,,5.40688419342041,32549,,,,,524.86572265625,5.40688419342041,524.86572265625
,433,,,,32549,,,90.66558837890625,90.66558837890625,,,
5357.56982421875,434,12.07526683807373,,5.410813331604004,32624,,,,,523.5364379882812,5.410813331604004,523.5364379882812
,434,,,,32624,,,90.56829071044922,90.56829071044922,,,
5369.3916015625,435,11.822121620178223,,5.409411907196045,32699,,,,,524.5557250976562,5.409411907196045,524.5557250976562
,435,,,,32699,,,90.47044372558594,90.47044372558594,,,
5381.298828125,436,11.906968116760254,,5.411197662353516,32774,,,,,524.320068359375,5.411197662353516,524.320068359375
,436,,,,32774,,,90.38188171386719,90.38188171386719,,,
5393.65673828125,437,12.358098983764648,,5.401700973510742,32849,,,,,523.3090209960938,5.401700973510742,523.3090209960938
,437,,,,32849,,,90.46588134765625,90.46588134765625,,,
5405.75634765625,438,12.099345207214355,,5.408154487609863,32924,,,,,523.8494873046875,5.408154487609863,523.8494873046875
,438,,,,32924,,,90.63159942626953,90.63159942626953,,,
5417.76513671875,439,12.008892059326172,,5.409042835235596,32999,,,,,523.066162109375,5.409042835235596,523.066162109375
,439,,,,32999,,,91.14151000976562,91.14151000976562,,,
5431.7119140625,440,13.946742057800293,,5.430543899536133,33074,,,,,525.0783081054688,5.430543899536133,525.0783081054688
,440,,,,33074,,,90.49730682373047,90.49730682373047,,,
5443.7236328125,441,12.011686325073242,,5.419132232666016,33149,,,,,524.0930786132812,5.419132232666016,524.0930786132812
,441,,,,33149,,,90.54792022705078,90.54792022705078,,,
5455.80615234375,442,12.082345008850098,,5.419865608215332,33224,,,,,523.5070190429688,5.419865608215332,523.5070190429688
,442,,,,33224,,,90.59337615966797,90.59337615966797,,,
5470.12353515625,443,14.317434310913086,,5.409073829650879,33299,,,,,524.214599609375,5.409073829650879,524.214599609375
,443,,,,33299,,,90.49192810058594,90.49192810058594,,,
5482.17236328125,444,12.048959732055664,,5.404454231262207,33374,,,,,524.283203125,5.404454231262207,524.283203125
,444,,,,33374,,,90.44148254394531,90.44148254394531,,,
5494.25341796875,445,12.081134796142578,,5.407082557678223,33449,,,,,523.6055297851562,5.407082557678223,523.6055297851562
,445,,,,33449,,,90.323486328125,90.323486328125,,,
5506.2265625,446,11.972949981689453,,5.41039514541626,33524,,,,,524.2711181640625,5.41039514541626,524.2711181640625
,446,,,,33524,,,90.66338348388672,90.66338348388672,,,
5518.1787109375,447,11.952488899230957,,5.421994209289551,33599,,,,,526.0358276367188,5.421994209289551,526.0358276367188
,447,,,,33599,,,90.42433166503906,90.42433166503906,,,
5533.0869140625,448,14.90799331665039,,5.396632194519043,33674,,,,,524.53759765625,5.396632194519043,524.53759765625
,448,,,,33674,,,90.45883178710938,90.45883178710938,,,
5545.47314453125,449,12.38624095916748,,5.409049987792969,33749,,,,,523.8890991210938,5.409049987792969,523.8890991210938
,449,,,,33749,,,90.35685729980469,90.35685729980469,,,
5557.82861328125,450,12.355386734008789,,5.40568733215332,33824,,,,,524.7619018554688,5.40568733215332,524.7619018554688
,450,,,,33824,,,90.51069641113281,90.51069641113281,,,
5569.75537109375,451,11.927022933959961,,5.402522087097168,33899,,,,,522.8781127929688,5.402522087097168,522.8781127929688
,451,,,,33899,,,90.3574447631836,90.3574447631836,,,
5581.9072265625,452,12.15153980255127,,5.413361072540283,33974,,,,,524.7872924804688,5.413361072540283,524.7872924804688
,452,,,,33974,,,90.31900024414062,90.31900024414062,,,
5594.01171875,453,12.104605674743652,,5.410415172576904,34049,,,,,523.9241943359375,5.410415172576904,523.9241943359375
,453,,,,34049,,,90.65827178955078,90.65827178955078,,,
5605.9931640625,454,11.981334686279297,,5.421402454376221,34124,,,,,525.1871337890625,5.421402454376221,525.1871337890625
,454,,,,34124,,,90.61678314208984,90.61678314208984,,,
5620.64306640625,455,14.649827003479004,,5.416293144226074,34199,,,,,524.3621215820312,5.416293144226074,524.3621215820312
,455,,,,34199,,,90.46424865722656,90.46424865722656,,,
5633.1787109375,456,12.536070823669434,,5.4070210456848145,34274,,,,,524.315185546875,5.4070210456848145,524.315185546875
,456,,,,34274,,,90.45880126953125,90.45880126953125,,,
5645.13916015625,457,11.96041488647461,,5.411287307739258,34349,,,,,524.4882202148438,5.411287307739258,524.4882202148438
,457,,,,34349,,,90.38087463378906,90.38087463378906,,,
5657.2900390625,458,12.150588989257812,,5.40422248840332,34424,,,,,524.2113037109375,5.40422248840332,524.2113037109375
,458,,,,34424,,,90.43223571777344,90.43223571777344,,,
5671.21142578125,459,13.921719551086426,,5.412045478820801,34499,,,,,525.0399169921875,5.412045478820801,525.0399169921875
,459,,,,34499,,,90.39129638671875,90.39129638671875,,,
5683.75341796875,460,12.541839599609375,,5.397171974182129,34574,,,,,522.060791015625,5.397171974182129,522.060791015625
,460,,,,34574,,,90.63755798339844,90.63755798339844,,,
5695.89794921875,461,12.1446533203125,,5.416565418243408,34649,,,,,526.2597045898438,5.416565418243408,526.2597045898438
,461,,,,34649,,,90.37840270996094,90.37840270996094,,,
5708.0791015625,462,12.180802345275879,,5.4167680740356445,34724,,,,,525.2688598632812,5.4167680740356445,525.2688598632812
,462,,,,34724,,,90.48711395263672,90.48711395263672,,,
5720.5205078125,463,12.44137191772461,,5.4161057472229,34799,,,,,525.0874633789062,5.4161057472229,525.0874633789062
,463,,,,34799,,,90.50059509277344,90.50059509277344,,,
5732.56396484375,464,12.043703079223633,,5.415480136871338,34874,,,,,525.34619140625,5.415480136871338,525.34619140625
,464,,,,34874,,,90.40129852294922,90.40129852294922,,,
5744.55908203125,465,11.995200157165527,,5.4170756340026855,34949,,,,,526.1475219726562,5.4170756340026855,526.1475219726562
,465,,,,34949,,,90.56309509277344,90.56309509277344,,,
5756.54052734375,466,11.981094360351562,,5.418655872344971,35024,,,,,523.8460693359375,5.418655872344971,523.8460693359375
,466,,,,35024,,,90.2883071899414,90.2883071899414,,,
5768.37158203125,467,11.831121444702148,,5.4238600730896,35099,,,,,525.0498046875,5.4238600730896,525.0498046875
,467,,,,35099,,,90.43568420410156,90.43568420410156,,,
5780.599609375,468,12.228007316589355,,5.405088901519775,35174,,,,,524.1119384765625,5.405088901519775,524.1119384765625
,468,,,,35174,,,90.43306732177734,90.43306732177734,,,
5792.62841796875,469,12.028888702392578,,5.405003070831299,35249,,,,,523.499755859375,5.405003070831299,523.499755859375
,469,,,,35249,,,90.61644744873047,90.61644744873047,,,
5804.63623046875,470,12.007776260375977,,5.422425270080566,35324,,,,,525.3316650390625,5.422425270080566,525.3316650390625
,470,,,,35324,,,90.38458251953125,90.38458251953125,,,
5817.5537109375,471,12.917428016662598,,5.405149936676025,35399,,,,,524.0314331054688,5.405149936676025,524.0314331054688
,471,,,,35399,,,90.52913665771484,90.52913665771484,,,
5829.8955078125,472,12.341986656188965,,5.401611804962158,35474,,,,,524.0521850585938,5.401611804962158,524.0521850585938
,472,,,,35474,,,90.52849578857422,90.52849578857422,,,
5841.88427734375,473,11.988777160644531,,5.408932209014893,35549,,,,,523.9605102539062,5.408932209014893,523.9605102539062
,473,,,,35549,,,90.41252136230469,90.41252136230469,,,
5853.8564453125,474,11.971981048583984,,5.414249897003174,35624,,,,,525.5977783203125,5.414249897003174,525.5977783203125
,474,,,,35624,,,90.66761779785156,90.66761779785156,,,
5865.8515625,475,11.995116233825684,,5.406975269317627,35699,,,,,524.2402954101562,5.406975269317627,524.2402954101562
,475,,,,35699,,,90.57583618164062,90.57583618164062,,,
5877.8564453125,476,12.00505256652832,,5.4137468338012695,35774,,,,,526.11669921875,5.4137468338012695,526.11669921875
,476,,,,35774,,,90.40460968017578,90.40460968017578,,,
5890.44140625,477,12.584800720214844,,5.428138256072998,35849,,,,,524.893310546875,5.428138256072998,524.893310546875
,477,,,,35849,,,90.43167877197266,90.43167877197266,,,
5902.9541015625,478,12.51300048828125,,5.4160332679748535,35924,,,,,525.4427490234375,5.4160332679748535,525.4427490234375
,478,,,,35924,,,90.42920684814453,90.42920684814453,,,
5915.900390625,479,12.946377754211426,,5.414249420166016,35999,,,,,524.8452758789062,5.414249420166016,524.8452758789062
,479,,,,35999,,,90.75668334960938,90.75668334960938,,,
5927.9609375,480,12.060359001159668,,5.410857677459717,36074,,,,,525.726318359375,5.410857677459717,525.726318359375
,480,,,,36074,,,90.37666320800781,90.37666320800781,,,
5939.94775390625,481,11.98692512512207,,5.419668197631836,36149,,,,,524.2742919921875,5.419668197631836,524.2742919921875
,481,,,,36149,,,90.40322875976562,90.40322875976562,,,
5951.95947265625,482,12.011456489562988,,5.411405086517334,36224,,,,,524.6504516601562,5.411405086517334,524.6504516601562
,482,,,,36224,,,90.4552230834961,90.4552230834961,,,
5964.005859375,483,12.046738624572754,,5.410247802734375,36299,,,,,524.4863891601562,5.410247802734375,524.4863891601562
,483,,,,36299,,,90.47264862060547,90.47264862060547,,,
5976.69189453125,484,12.6856107711792,,5.4229607582092285,36374,,,,,526.2490234375,5.4229607582092285,526.2490234375
,484,,,,36374,,,90.43429565429688,90.43429565429688,,,
5990.11572265625,485,13.424117088317871,,5.416738510131836,36449,,,,,524.0770263671875,5.416738510131836,524.0770263671875
,485,,,,36449,,,90.43086242675781,90.43086242675781,,,
6002.13037109375,486,12.014440536499023,,5.405289649963379,36524,,,,,523.739990234375,5.405289649963379,523.739990234375
,486,,,,36524,,,90.39746856689453,90.39746856689453,,,
6014.34619140625,487,12.215807914733887,,5.408432960510254,36599,,,,,524.2908325195312,5.408432960510254,524.2908325195312
,487,,,,36599,,,90.3841781616211,90.3841781616211,,,
6026.38330078125,488,12.037405967712402,,5.404544830322266,36674,,,,,523.5961303710938,5.404544830322266,523.5961303710938
,488,,,,36674,,,90.46974182128906,90.46974182128906,,,
6038.353515625,489,11.970162391662598,,5.415010452270508,36749,,,,,524.8753051757812,5.415010452270508,524.8753051757812
,489,,,,36749,,,90.60077667236328,90.60077667236328,,,
6050.8623046875,490,12.508735656738281,,5.423460006713867,36824,,,,,525.345947265625,5.423460006713867,525.345947265625
,490,,,,36824,,,90.30154418945312,90.30154418945312,,,
6063.15869140625,491,12.296517372131348,,5.417788505554199,36899,,,,,525.3649291992188,5.417788505554199,525.3649291992188
,491,,,,36899,,,90.56275177001953,90.56275177001953,,,
6075.87939453125,492,12.72057056427002,,5.402243137359619,36974,,,,,522.5596313476562,5.402243137359619,522.5596313476562
,492,,,,36974,,,90.4381103515625,90.4381103515625,,,
6087.86376953125,493,11.984332084655762,,5.421082019805908,37049,,,,,524.654541015625,5.421082019805908,524.654541015625
,493,,,,37049,,,90.4892578125,90.4892578125,,,
6099.861328125,494,11.997756958007812,,5.415207862854004,37124,,,,,524.1117553710938,5.415207862854004,524.1117553710938
,494,,,,37124,,,90.38180541992188,90.38180541992188,,,
6111.85205078125,495,11.99049186706543,,5.419698238372803,37199,,,,,524.505615234375,5.419698238372803,524.505615234375
,495,,,,37199,,,90.47411346435547,90.47411346435547,,,
6123.97998046875,496,12.127790451049805,,5.407138347625732,37274,,,,,523.0403442382812,5.407138347625732,523.0403442382812
,496,,,,37274,,,90.46170043945312,90.46170043945312,,,
6135.970703125,497,11.990717887878418,,5.428839206695557,37349,,,,,526.59619140625,5.428839206695557,526.59619140625
,497,,,,37349,,,90.46785736083984,90.46785736083984,,,
6147.98291015625,498,12.012411117553711,,5.407222270965576,37424,,,,,523.085693359375,5.407222270965576,523.085693359375
,498,,,,37424,,,90.49699401855469,90.49699401855469,,,
6159.908203125,499,11.92512321472168,,5.404979228973389,37499,,,,,523.663818359375,5.404979228973389,523.663818359375
,499,,,,37499,,,90.41441345214844,90.41441345214844,,,
,500,,5.404979228973389,,37500,523.6638793945312,523.6638793945312,,,,,
